chip,split,plain,lon,lat,epsg,bounds,tile,pre_id,post_id
s0_00000,train,cukurova_adana,35.595577,36.825557,32636,730210.0 4077390.0 732770.0 4079950.0,36SYF,S2B_T36SYF_20200510T082220_L2A,S2A_T36SYF_20200515T082314_L2A
s0_00001,train,mardin_kiziltepe,40.835512,37.081907,32637,661870.0 4104250.0 664430.0 4106810.0,37SFB,S2B_T37SFB_20250826T080847_L2A,S2B_T37SFB_20250905T080743_L2A
s0_00002,train,siverek_viransehir,39.363159,37.442347,32637,530840.0 4142730.0 533400.0 4145290.0,37SEB,S2B_T37SEB_20190811T081315_L2A,S2A_T37SEB_20190816T081333_L2A
s0_00003,train,diyarbakir,40.072534,37.849809,32637,593080.0 4188410.0 595640.0 4190970.0,37SEB,S2A_T37SEB_20240918T081428_L2A,S2B_T37SEB_20240923T080834_L2A
s0_00004,train,siverek_viransehir,39.781025,37.618122,32637,567650.0 4162450.0 570210.0 4165010.0,37SEB,S2A_T37SEB_20200721T081831_L2A,S2A_T37SEB_20200731T081835_L2A
s0_00005,train,suruc,38.555986,36.946045,32637,459190.0 4087700.0 461750.0 4090260.0,37SDA,S2A_T37SDA_20240819T081658_L2A,S2B_T37SDA_20240824T081408_L2A
s0_00006,val,ceylanpinar,39.920274,36.920683,32637,580690.0 4085190.0 583250.0 4087750.0,37SEA,S2A_T37SEA_20250707T081606_L2A,S2C_T37SEA_20250712T080246_L2A
s0_00007,train,pazarcik_maras,36.865221,37.511015,32637,310040.0 4152420.0 312600.0 4154980.0,37SCB,S2B_T37SCB_20230922T082716_L2A,S2A_T37SCB_20230927T082250_L2A
s0_00008,train,siverek_viransehir,39.830252,37.475358,32637,572130.0 4146650.0 574690.0 4149210.0,37SEB,S2B_T37SEB_20190602T081055_L2A,S2A_T37SEB_20190607T080937_L2A
s0_00009,val,ceylanpinar,40.172015,36.765729,32637,603320.0 4068240.0 605880.0 4070800.0,37SEA,S2A_T37SEA_20230815T081400_L2A,S2B_T37SEA_20230820T080823_L2A
s0_00010,train,diyarbakir,40.30245,37.796017,32637,613390.0 4182700.0 615950.0 4185260.0,37SFB,S2A_T37SFB_20240925T080226_L2A,S2B_T37SFB_20241003T081746_L2A
s1_00000,train,siverek_viransehir,39.663347,37.558488,32637,557310.0 4155760.0 559870.0 4158320.0,37SEB,S2A_T37SEB_20230626T081239_L2A,S2B_T37SEB_20230701T081240_L2A
s1_00001,train,suruc,38.342491,36.879568,32637,440120.0 4080430.0 442680.0 4082990.0,37SDA,S2A_T37SDA_20240710T081552_L2A,S2A_T37SDA_20240720T081232_L2A
s1_00002,train,pazarcik_maras,36.855943,37.525121,32637,309260.0 4154010.0 311820.0 4156570.0,37SCB,S2A_T37SCB_20230510T082247_L2A,S2A_T37SCB_20230520T082250_L2A
s1_00003,train,harran,38.86033,37.084581,32637,486310.0 4102980.0 488870.0 4105540.0,37SDB,S2A_T37SDB_20200919T081243_L2A,S2B_T37SDB_20200924T081136_L2A
s1_00004,train,diyarbakir,40.067405,37.897874,32637,592570.0 4193740.0 595130.0 4196300.0,37SEC,S2B_T37SEC_20230909T080819_L2A,S2B_T37SEC_20230919T081455_L2A
s1_00005,train,suruc,38.325968,36.984536,32637,438730.0 4092090.0 441290.0 4094650.0,37SDA,S2A_T37SDA_20191005T080814_L2A,S2B_T37SDA_20191010T081115_L2A
s1_00006,train,pazarcik_maras,36.906667,37.419908,32637,313480.0 4142230.0 316040.0 4144790.0,37SCB,S2B_T37SCB_20250504T082605_L2A,S2B_T37SCB_20250514T082639_L2A
s1_00007,train,suruc,38.354605,36.859391,32637,441190.0 4078190.0 443750.0 4080750.0,37SDA,S2B_T37SDA_20250819T081805_L2A,S2A_T37SDA_20250826T081635_L2A
s1_00008,train,pazarcik_maras,36.9312,37.526481,32637,315910.0 4154010.0 318470.0 4156570.0,37SCB,S2A_T37SCB_20240603T082744_L2A,S2B_T37SCB_20240608T082251_L2A
s1_00009,train,siverek_viransehir,39.472659,37.58538,32637,540450.0 4158640.0 543010.0 4161200.0,37SEB,S2A_T37SEB_20250816T081600_L2A,S2C_T37SEB_20250824T080915_L2A
s1_00010,train,mardin_kiziltepe,40.931875,37.028465,32637,670560.0 4098500.0 673120.0 4101060.0,37SFB,S2A_T37SFB_20230613T080227_L2A,S2B_T37SFB_20230618T080227_L2A
s1_00011,train,adiyaman_kahta,38.732187,37.760135,32637,475130.0 4177960.0 477690.0 4180520.0,37SDB,S2A_T37SDB_20250727T081606_L2A,S2A_T37SDB_20250806T081636_L2A
s1_00012,val,amik_hatay,36.4079,36.362543,32637,266150.0 4026000.0 268710.0 4028560.0,37SBA,S2B_T37SBA_20200629T082209_L2A,S2B_T37SBA_20200709T081951_L2A
s1_00013,train,siverek_viransehir,39.387912,37.40532,32637,533050.0 4138630.0 535610.0 4141190.0,37SEB,S2B_T37SEB_20250710T081528_L2A,S2B_T37SEB_20250720T081820_L2A
s1_00014,train,pazarcik_maras,36.926227,37.54446,32637,315520.0 4156010.0 318080.0 4158570.0,37SCB,S2B_T37SCB_20190615T082515_L2A,S2B_T37SCB_20190625T082241_L2A
s1_00015,train,harran,39.153953,36.978372,32637,512420.0 4091200.0 514980.0 4093760.0,37SEB,S2B_T37SEB_20200706T080814_L2A,S2B_T37SEB_20200716T081121_L2A
s1_00016,train,suruc,38.375909,36.859597,32637,443090.0 4078200.0 445650.0 4080760.0,37SDA,S2A_T37SDA_20190727T081534_L2A,S2B_T37SDA_20190801T081001_L2A
s1_00017,train,harran,39.176643,36.86846,32637,514460.0 4079010.0 517020.0 4081570.0,37SEA,S2A_T37SEA_20200929T081242_L2A,S2A_T37SEA_20201009T081242_L2A
s1_00018,train,diyarbakir,40.419736,37.783765,32637,623740.0 4181490.0 626300.0 4184050.0,37SFB,S2A_T37SFB_20240531T081516_L2A,S2A_T37SFB_20240607T080029_L2A
s1_00019,train,diyarbakir,40.13909,37.818715,32637,598980.0 4185030.0 601540.0 4187590.0,37SEB,S2A_T37SEB_20230703T080228_L2A,S2B_T37SEB_20230708T080228_L2A
s1_00020,train,adiyaman_kahta,38.437093,37.67997,32637,449080.0 4169180.0 451640.0 4171740.0,37SDB,S2B_T37SDB_20230624T082252_L2A,S2B_T37SDB_20230704T082253_L2A
s1_00021,train,pazarcik_maras,37.094929,37.534553,32637,330400.0 4154600.0 332960.0 4157160.0,37SCB,S2A_T37SCB_20230729T082253_L2A,S2B_T37SCB_20230803T082458_L2A
s1_00022,train,mardin_kiziltepe,40.506244,37.09778,32637,632570.0 4105500.0 635130.0 4108060.0,37SFB,S2A_T37SFB_20200621T081658_L2A,S2A_T37SFB_20200701T081414_L2A
s1_00023,val,amik_hatay,36.433065,36.343691,32636,806840.0 4026260.0 809400.0 4028820.0,36SYF,S2B_T36SYF_20230922T082716_L2A,S2A_T36SYF_20230927T082250_L2A
s1_00024,train,harran,38.898657,36.789473,32637,489680.0 4070240.0 492240.0 4072800.0,37SDA,S2A_T37SDA_20230815T081400_L2A,S2B_T37SDA_20230820T080823_L2A
s1_00025,val,amik_hatay,36.466268,36.41304,32637,271540.0 4031470.0 274100.0 4034030.0,37SBA,S2B_T37SBA_20200917T082932_L2A,S2B_T37SBA_20200927T081901_L2A
s1_00026,train,cukurova_adana,35.441934,36.973851,32636,716090.0 4093480.0 718650.0 4096040.0,36SYG,S2A_T36SYG_20230722T083712_L2A,S2A_T36SYG_20230729T082253_L2A
s1_00027,train,siverek_viransehir,39.891476,37.389617,32637,577630.0 4137190.0 580190.0 4139750.0,37SEB,S2B_T37SEB_20190811T081315_L2A,S2A_T37SEB_20190816T081333_L2A
s1_00028,val,ceylanpinar,40.17677,36.714543,32637,603820.0 4062570.0 606380.0 4065130.0,37SEA,S2B_T37SEA_20240725T081238_L2A,S2A_T37SEA_20240730T081107_L2A
s1_00029,val,ceylanpinar,39.98992,36.781045,32637,587050.0 4069760.0 589610.0 4072320.0,37SEA,S2B_T37SEA_20250531T081630_L2A,S2C_T37SEA_20250605T080756_L2A
s1_00030,train,siverek_viransehir,39.641739,37.518241,32637,555430.0 4151280.0 557990.0 4153840.0,37SEB,S2A_T37SEB_20190727T081534_L2A,S2A_T37SEB_20190806T080939_L2A
s1_00031,val,ceylanpinar,40.005386,36.930717,32637,588260.0 4086380.0 590820.0 4088940.0,37SEA,S2B_T37SEA_20190917T080223_L2A,S2B_T37SEA_20190927T080155_L2A
s1_00032,train,pazarcik_maras,36.865186,37.443495,32637,309870.0 4144930.0 312430.0 4147490.0,37SCB,S2A_T37SCB_20190819T082341_L2A,S2B_T37SCB_20190824T082450_L2A
s1_00033,train,siverek_viransehir,39.52255,37.449055,32637,544940.0 4143540.0 547500.0 4146100.0,37SEB,S2A_T37SEB_20250727T081606_L2A,S2C_T37SEB_20250804T081005_L2A
s1_00034,val,amik_hatay,36.343213,36.359733,32636,798710.0 4027760.0 801270.0 4030320.0,36SYF,S2B_T36SYF_20230714T082954_L2A,S2B_T36SYF_20230724T082253_L2A
s1_00035,train,siverek_viransehir,39.657111,37.668775,32637,556670.0 4167990.0 559230.0 4170550.0,37SEB,S2B_T37SEB_20240824T081408_L2A,S2B_T37SEB_20240903T081234_L2A
s1_00036,train,diyarbakir,40.010144,38.022881,32637,587380.0 4207560.0 589940.0 4210120.0,37SEC,S2B_T37SEC_20200726T080832_L2A,S2A_T37SEC_20200731T081835_L2A
s1_00037,train,harran,39.027185,36.79741,32637,501150.0 4071120.0 503710.0 4073680.0,37SEA,S2A_T37SEA_20230616T081830_L2A,S2A_T37SEA_20230626T081239_L2A
s1_00038,val,amik_hatay,36.435482,36.43576,32636,806690.0 4036490.0 809250.0 4039050.0,36SYF,S2B_T36SYF_20250713T082020_L2A,S2B_T36SYF_20250723T082250_L2A
s1_00039,train,harran,38.970375,37.004927,32637,496080.0 4094140.0 498640.0 4096700.0,37SDA,S2A_T37SDA_20240710T081552_L2A,S2B_T37SDA_20240715T081238_L2A
s1_00040,val,amik_hatay,36.501933,36.261026,32637,274300.0 4014520.0 276860.0 4017080.0,37SBA,S2C_T37SBA_20250916T082525_L2A,S2B_T37SBA_20250921T082228_L2A
s1_00041,train,diyarbakir,40.469837,37.826854,32637,628070.0 4186340.0 630630.0 4188900.0,37SFB,S2A_T37SFB_20250717T081640_L2A,S2B_T37SFB_20250727T080847_L2A
s1_00042,train,adiyaman_kahta,38.39321,37.706144,32637,445230.0 4172110.0 447790.0 4174670.0,37SDB,S2B_T37SDB_20200914T081238_L2A,S2A_T37SDB_20200922T082255_L2A
s1_00043,train,cukurova_adana,35.623138,37.042059,32636,732010.0 4101480.0 734570.0 4104040.0,36SYG,S2A_T36SYG_20190603T083852_L2A,S2B_T36SYG_20190608T083224_L2A
s1_00044,train,mardin_kiziltepe,40.483844,37.02084,32637,630710.0 4096930.0 633270.0 4099490.0,37SFA,S2A_T37SFA_20190528T081105_L2A,S2B_T37SFA_20190602T081055_L2A
s1_00045,train,suruc,38.324391,36.967026,32637,438580.0 4090150.0 441140.0 4092710.0,37SDA,S2C_T37SDA_20250615T081255_L2A,S2C_T37SDA_20250625T081910_L2A
s1_00046,train,adiyaman_kahta,38.495991,37.768716,32637,454330.0 4178990.0 456890.0 4181550.0,37SDB,S2B_T37SDB_20200527T081852_L2A,S2B_T37SDB_20200606T080814_L2A
s1_00047,val,amik_hatay,36.516713,36.270964,32637,275650.0 4015580.0 278210.0 4018140.0,37SBA,S2A_T37SBA_20250620T082602_L2A,S2A_T37SBA_20250630T082621_L2A
s1_00048,train,harran,38.852814,37.05586,32637,485630.0 4099800.0 488190.0 4102360.0,37SDB,S2A_T37SDB_20230825T081418_L2A,S2B_T37SDB_20230830T080827_L2A
s1_00049,train,suruc,38.543185,36.92618,32637,458040.0 4085500.0 460600.0 4088060.0,37SDA,S2A_T37SDA_20230914T081138_L2A,S2B_T37SDA_20230919T081455_L2A
s1_00050,train,adiyaman_kahta,38.596212,37.6998,32637,463120.0 4171300.0 465680.0 4173860.0,37SDB,S2B_T37SDB_20250531T081630_L2A,S2C_T37SDB_20250605T080756_L2A
s1_00051,train,suruc,38.386566,36.964816,32637,444110.0 4089870.0 446670.0 4092430.0,37SDA,S2A_T37SDA_20240829T081516_L2A,S2A_T37SDA_20240908T081155_L2A
s1_00052,val,amik_hatay,36.462331,36.28849,32637,270820.0 4017660.0 273380.0 4020220.0,37SBA,S2B_T37SBA_20240628T082950_L2A,S2A_T37SBA_20240703T082714_L2A
s1_00053,train,diyarbakir,40.066538,38.048367,32637,592300.0 4210440.0 594860.0 4213000.0,37SEC,S2B_T37SEC_20200616T081731_L2A,S2A_T37SEC_20200621T081658_L2A
s1_00054,train,adiyaman_kahta,38.636785,37.737775,32637,466720.0 4175500.0 469280.0 4178060.0,37SDB,S2A_T37SDB_20250806T081636_L2A,S2C_T37SDB_20250814T081928_L2A
s1_00055,val,amik_hatay,36.318064,36.382934,32636,796370.0 4030260.0 798930.0 4032820.0,36SYF,S2C_T36SYF_20250916T082525_L2A,S2B_T36SYF_20250921T082228_L2A
s1_00056,train,suruc,38.561867,37.011799,32637,459740.0 4094990.0 462300.0 4097550.0,37SDA,S2B_T37SDA_20200507T080807_L2A,S2A_T37SDA_20200512T081107_L2A
s1_00057,train,pazarcik_maras,37.159886,37.497183,32637,336060.0 4150340.0 338620.0 4152900.0,37SCB,S2A_T37SCB_20190630T082343_L2A,S2B_T37SCB_20190705T082331_L2A
s1_00058,train,adiyaman_kahta,38.629572,37.69925,32637,466070.0 4171230.0 468630.0 4173790.0,37SDB,S2B_T37SDB_20250521T081818_L2A,S2A_T37SDB_20250528T081604_L2A
s1_00059,train,cukurova_adana,35.34748,36.96261,32636,707710.0 4092020.0 710270.0 4094580.0,36SYG,S2B_T36SYG_20200831T083723_L2A,S2A_T36SYG_20200905T083304_L2A
s1_00060,train,diyarbakir,40.221017,37.986272,32637,605940.0 4203720.0 608500.0 4206280.0,37SEC,S2A_T37SEC_20190508T081533_L2A,S2B_T37SEC_20190513T080937_L2A
s1_00061,train,cukurova_adana,35.3694,37.037803,32636,709450.0 4100410.0 712010.0 4102970.0,36SYG,S2A_T36SYG_20230702T083821_L2A,S2A_T36SYG_20230709T082253_L2A
s1_00062,train,cukurova_adana,35.617387,36.94405,32636,731800.0 4090590.0 734360.0 4093150.0,36SYF,S2A_T36SYF_20200704T081759_L2A,S2B_T36SYF_20200709T081951_L2A
s1_00063,val,ceylanpinar,40.065452,36.776861,32637,593800.0 4069370.0 596360.0 4071930.0,37SEA,S2A_T37SEA_20250704T080726_L2A,S2C_T37SEA_20250712T080246_L2A
s1_00064,train,harran,39.172646,36.918912,32637,514100.0 4084610.0 516660.0 4087170.0,37SEA,S2B_T37SEA_20190722T081643_L2A,S2A_T37SEA_20190727T081534_L2A
s1_00065,train,harran,39.032102,37.034342,32637,501570.0 4097400.0 504130.0 4099960.0,37SEB,S2B_T37SEB_20190503T081052_L2A,S2B_T37SEB_20190513T080937_L2A
s1_00066,train,cukurova_adana,35.417358,36.862727,32636,714210.0 4081090.0 716770.0 4083650.0,36SYF,S2B_T36SYF_20190913T082417_L2A,S2A_T36SYF_20190918T082614_L2A
s1_00067,train,suruc,38.52304,36.990422,32637,456280.0 4092640.0 458840.0 4095200.0,37SDA,S2A_T37SDA_20240809T081710_L2A,S2A_T37SDA_20240819T081658_L2A
s1_00068,train,mardin_kiziltepe,40.486405,37.15618,32637,630710.0 4111950.0 633270.0 4114510.0,37SFB,S2B_T37SFB_20250521T081818_L2A,S2A_T37SFB_20250525T080724_L2A
s1_00069,val,amik_hatay,36.490278,36.348675,32637,273500.0 4024270.0 276060.0 4026830.0,37SBA,S2B_T37SBA_20230902T082245_L2A,S2A_T37SBA_20230907T082047_L2A
s1_00070,train,harran,39.129471,36.98793,32637,510240.0 4092260.0 512800.0 4094820.0,37SEB,S2A_T37SEB_20240829T081516_L2A,S2B_T37SEB_20240903T081234_L2A
s1_00071,train,suruc,38.571753,37.014121,32637,460620.0 4095240.0 463180.0 4097800.0,37SDB,S2A_T37SDB_20190915T080645_L2A,S2A_T37SDB_20190925T080817_L2A
s1_00072,train,harran,39.136573,36.900177,32637,510890.0 4082530.0 513450.0 4085090.0,37SEA,S2A_T37SEA_20190617T081102_L2A,S2B_T37SEA_20190622T081729_L2A
s1_00073,train,pazarcik_maras,37.151577,37.531037,32637,335400.0 4154110.0 337960.0 4156670.0,37SCB,S2B_T37SCB_20250713T082020_L2A,S2A_T37SCB_20250720T082601_L2A
s1_00074,val,amik_hatay,36.316917,36.374191,32636,796300.0 4029280.0 798860.0 4031840.0,36SYF,S2B_T36SYF_20200828T082254_L2A,S2B_T36SYF_20200907T081959_L2A
s1_00075,train,diyarbakir,40.59938,38.023406,32637,639100.0 4208340.0 641660.0 4210900.0,37SFC,S2C_T37SFC_20250910T080306_L2A,S2C_T37SFC_20250920T080124_L2A
s1_00076,train,mardin_kiziltepe,40.797184,37.05908,32637,658510.0 4101660.0 661070.0 4104220.0,37SFB,S2A_T37SFB_20240925T080226_L2A,S2B_T37SFB_20240930T080633_L2A
s1_00077,train,mardin_kiziltepe,40.769534,36.987223,32637,656200.0 4093640.0 658760.0 4096200.0,37SFA,S2A_T37SFA_20190714T080149_L2A,S2B_T37SFA_20190719T080030_L2A
s1_00078,val,amik_hatay,36.40628,36.346611,32637,265960.0 4024240.0 268520.0 4026800.0,37SBA,S2A_T37SBA_20200803T082535_L2A,S2A_T37SBA_20200813T082427_L2A
s1_00079,train,suruc,38.550002,37.049902,32637,458710.0 4099220.0 461270.0 4101780.0,37SDB,S2A_T37SDB_20200929T081242_L2A,S2A_T37SDB_20201009T081242_L2A
s1_00080,val,ceylanpinar,39.961015,36.785027,32637,584470.0 4070180.0 587030.0 4072740.0,37SEA,S2A_T37SEA_20230726T081240_L2A,S2A_T37SEA_20230805T081222_L2A
s1_00081,val,amik_hatay,36.265296,36.409382,32637,253500.0 4031550.0 256060.0 4034110.0,37SBA,S2B_T37SBA_20190913T082417_L2A,S2B_T37SBA_20190923T081928_L2A
s1_00082,train,siverek_viransehir,39.768974,37.74926,32637,566460.0 4176990.0 569020.0 4179550.0,37SEB,S2A_T37SEB_20200512T081107_L2A,S2A_T37SEB_20200522T081832_L2A
s1_00083,train,diyarbakir,40.163964,37.768423,32637,601240.0 4179480.0 603800.0 4182040.0,37SEB,S2A_T37SEB_20190607T080937_L2A,S2A_T37SEB_20190617T081102_L2A
s1_00084,train,siverek_viransehir,39.714006,37.459849,32637,561870.0 4144850.0 564430.0 4147410.0,37SEB,S2A_T37SEB_20200909T081240_L2A,S2A_T37SEB_20200919T081243_L2A
s1_00085,train,harran,38.926545,36.822713,32637,492170.0 4073930.0 494730.0 4076490.0,37SDA,S2B_T37SDA_20230721T081241_L2A,S2B_T37SDA_20230731T081240_L2A
s1_00086,train,cukurova_adana,35.622188,36.803115,32636,732660.0 4074960.0 735220.0 4077520.0,36SYF,S2B_T36SYF_20230915T083906_L2A,S2B_T36SYF_20230925T083047_L2A
s1_00087,train,mardin_kiziltepe,40.524575,37.022429,32637,634340.0 4097170.0 636900.0 4099730.0,37SFB,S2B_T37SFB_20230502T081241_L2A,S2A_T37SFB_20230507T081235_L2A
s1_00088,train,siverek_viransehir,39.449381,37.607182,32637,538380.0 4161050.0 540940.0 4163610.0,37SEB,S2A_T37SEB_20250727T081606_L2A,S2C_T37SEB_20250804T081005_L2A
s1_00089,train,diyarbakir,40.311332,37.887614,32637,614030.0 4192880.0 616590.0 4195440.0,37SFC,S2B_T37SFC_20190907T080722_L2A,S2A_T37SFC_20190912T075741_L2A
s1_00090,train,suruc,38.568916,36.865239,32637,460300.0 4078730.0 462860.0 4081290.0,37SDA,S2B_T37SDA_20200706T080814_L2A,S2A_T37SDA_20200711T081106_L2A
s1_00091,train,adiyaman_kahta,38.629145,37.69881,32637,466030.0 4171180.0 468590.0 4173740.0,37SDB,S2A_T37SDB_20240720T081232_L2A,S2A_T37SDB_20240730T081107_L2A
s1_00092,train,suruc,38.421355,36.971452,32637,447210.0 4090580.0 449770.0 4093140.0,37SDA,S2A_T37SDA_20240620T081529_L2A,S2B_T37SDA_20240625T081238_L2A
s1_00093,train,harran,38.944256,36.866257,32637,493750.0 4078760.0 496310.0 4081320.0,37SDA,S2B_T37SDA_20250531T081630_L2A,S2C_T37SDA_20250605T080756_L2A
s1_00094,train,harran,38.742828,36.83277,32637,475790.0 4075070.0 478350.0 4077630.0,37SDA,S2B_T37SDA_20250620T081815_L2A,S2B_T37SDA_20250630T081824_L2A
s1_00095,train,adiyaman_kahta,38.451321,37.809383,32637,450420.0 4183530.0 452980.0 4186090.0,37SDB,S2A_T37SDB_20190620T082150_L2A,S2A_T37SDB_20190630T082343_L2A
s1_00096,val,amik_hatay,36.51475,36.360101,32637,275730.0 4025480.0 278290.0 4028040.0,37SBA,S2B_T37SBA_20230704T082253_L2A,S2A_T37SBA_20230709T082253_L2A
s1_00097,val,ceylanpinar,40.238432,36.894543,32637,609070.0 4082610.0 611630.0 4085170.0,37SFA,S2A_T37SFA_20240829T081516_L2A,S2A_T37SFA_20240908T081155_L2A
s1_00098,train,cukurova_adana,35.720497,37.010023,32636,740770.0 4098160.0 743330.0 4100720.0,36SYG,S2A_T36SYG_20200813T082427_L2A,S2A_T36SYG_20200823T082256_L2A
s1_00099,train,diyarbakir,40.19594,37.904915,32637,603860.0 4194660.0 606420.0 4197220.0,37SEB,S2B_T37SEB_20200716T081121_L2A,S2B_T37SEB_20200726T080832_L2A
s1_00100,val,ceylanpinar,40.089352,36.829395,32637,595860.0 4075220.0 598420.0 4077780.0,37SEA,S2A_T37SEA_20200522T081832_L2A,S2A_T37SEA_20200529T080943_L2A
s1_00101,val,ceylanpinar,39.871757,36.797791,32637,576490.0 4071520.0 579050.0 4074080.0,37SEA,S2C_T37SEA_20250725T081906_L2A,S2C_T37SEA_20250801T080418_L2A
s1_00102,val,ceylanpinar,40.238098,36.843589,32637,609110.0 4076960.0 611670.0 4079520.0,37SFA,S2A_T37SFA_20200830T081241_L2A,S2B_T37SFA_20200904T081239_L2A
s1_00103,train,mardin_kiziltepe,40.827682,37.156025,32637,661010.0 4112460.0 663570.0 4115020.0,37SFB,S2A_T37SFB_20190823T075643_L2A,S2B_T37SFB_20190828T080148_L2A
s1_00104,train,diyarbakir,40.549137,37.790104,32637,635120.0 4182380.0 637680.0 4184940.0,37SFB,S2A_T37SFB_20200731T081835_L2A,S2A_T37SFB_20200810T081158_L2A
s1_00105,val,ceylanpinar,39.965222,36.80981,32637,584820.0 4072930.0 587380.0 4075490.0,37SEA,S2A_T37SEA_20240816T080543_L2A,S2A_T37SEA_20240826T080500_L2A
s1_00106,train,adiyaman_kahta,38.376195,37.828422,32637,443820.0 4185680.0 446380.0 4188240.0,37SDB,S2B_T37SDB_20240529T082855_L2A,S2A_T37SDB_20240603T082744_L2A
s1_00107,train,siverek_viransehir,39.506167,37.711377,32637,543330.0 4172630.0 545890.0 4175190.0,37SEB,S2B_T37SEB_20240804T080922_L2A,S2A_T37SEB_20240809T081710_L2A
s1_00108,train,diyarbakir,40.581987,37.797122,32637,638000.0 4183200.0 640560.0 4185760.0,37SFB,S2C_T37SFB_20250804T081005_L2A,S2B_T37SFB_20250809T081103_L2A
s1_00109,train,siverek_viransehir,39.764334,37.490715,32637,566290.0 4148310.0 568850.0 4150870.0,37SEB,S2B_T37SEB_20230502T081241_L2A,S2A_T37SEB_20230507T081235_L2A
s1_00110,train,adiyaman_kahta,38.554411,37.737493,32637,459460.0 4175500.0 462020.0 4178060.0,37SDB,S2B_T37SDB_20230830T080827_L2A,S2A_T37SDB_20230904T081016_L2A
s1_00111,val,ceylanpinar,40.173054,36.872924,32637,603270.0 4080140.0 605830.0 4082700.0,37SFA,S2A_T37SFA_20230901T080717_L2A,S2A_T37SFA_20230911T080612_L2A
s1_00112,val,ceylanpinar,39.827293,36.906905,32637,572420.0 4083580.0 574980.0 4086140.0,37SEA,S2B_T37SEA_20190811T081315_L2A,S2A_T37SEA_20190816T081333_L2A
s1_00113,train,adiyaman_kahta,38.577843,37.735495,32637,461520.0 4175270.0 464080.0 4177830.0,37SDB,S2A_T37SDB_20230527T081239_L2A,S2A_T37SDB_20230606T081239_L2A
s1_00114,train,pazarcik_maras,36.893211,37.562398,32637,312650.0 4158070.0 315210.0 4160630.0,37SCB,S2B_T37SCB_20190903T082355_L2A,S2B_T37SCB_20190913T082417_L2A
s1_00115,train,mardin_kiziltepe,40.451505,37.10055,32637,627700.0 4105730.0 630260.0 4108290.0,37SFB,S2A_T37SFB_20240620T081529_L2A,S2A_T37SFB_20240627T080223_L2A
s1_00116,train,mardin_kiziltepe,40.832833,37.094953,32637,661600.0 4105700.0 664160.0 4108260.0,37SFB,S2A_T37SFB_20230901T080717_L2A,S2A_T37SFB_20230911T080612_L2A
s1_00117,train,mardin_kiziltepe,40.91546,37.197278,32637,668720.0 4117200.0 671280.0 4119760.0,37SFB,S2A_T37SFB_20190902T080546_L2A,S2B_T37SFB_20190907T080722_L2A
s1_00118,val,amik_hatay,36.477377,36.226232,32637,271990.0 4010710.0 274550.0 4013270.0,37SBA,S2A_T37SBA_20200803T082535_L2A,S2A_T37SBA_20200813T082427_L2A
s1_00119,val,amik_hatay,36.425242,36.206354,32637,267250.0 4008630.0 269810.0 4011190.0,37SBA,S2B_T37SBA_20190615T082515_L2A,S2B_T37SBA_20190625T082241_L2A
s1_00120,train,adiyaman_kahta,38.506483,37.723794,32637,455230.0 4174000.0 457790.0 4176560.0,37SDB,S2B_T37SDB_20230919T081455_L2A,S2B_T37SDB_20230929T081237_L2A
s1_00121,val,amik_hatay,36.464595,36.392826,32637,271330.0 4029230.0 273890.0 4031790.0,37SBA,S2A_T37SBA_20200823T082256_L2A,S2B_T37SBA_20200828T082254_L2A
s1_00122,val,ceylanpinar,40.124122,36.735225,32637,599090.0 4064810.0 601650.0 4067370.0,37SEA,S2B_T37SEA_20230906T080553_L2A,S2B_T37SEA_20230916T080107_L2A
s1_00123,val,ceylanpinar,40.271971,36.701631,32637,612340.0 4061250.0 614900.0 4063810.0,37SFA,S2B_T37SFA_20190719T080030_L2A,S2A_T37SFA_20190727T081534_L2A
s1_00124,train,siverek_viransehir,39.640176,37.368975,32637,555400.0 4134720.0 557960.0 4137280.0,37SEB,S2A_T37SEB_20240531T081516_L2A,S2B_T37SEB_20240605T081237_L2A
s1_00125,train,pazarcik_maras,37.091308,37.542446,32637,330100.0 4155480.0 332660.0 4158040.0,37SCB,S2A_T37SCB_20250809T082619_L2A,S2C_T37SCB_20250817T082028_L2A
s1_00126,train,diyarbakir,40.303187,38.018835,32637,613110.0 4207430.0 615670.0 4209990.0,37SFC,S2B_T37SFC_20190818T080844_L2A,S2A_T37SFC_20190826T081708_L2A
s1_00127,train,suruc,38.376782,36.899985,32637,443200.0 4082680.0 445760.0 4085240.0,37SDA,S2A_T37SDA_20240720T081232_L2A,S2A_T37SDA_20240730T081107_L2A
s1_00128,train,mardin_kiziltepe,40.457643,36.987034,32637,628440.0 4093150.0 631000.0 4095710.0,37SFB,S2B_T37SFB_20250528T080847_L2A,S2B_T37SFB_20250607T080656_L2A
s1_00129,val,ceylanpinar,40.265388,36.744023,32637,611690.0 4065940.0 614250.0 4068500.0,37SFA,S2B_T37SFA_20250620T081815_L2A,S2A_T37SFA_20250624T080546_L2A
s1_00130,train,diyarbakir,40.040311,37.854316,32637,590240.0 4188880.0 592800.0 4191440.0,37SEB,S2B_T37SEB_20190602T081055_L2A,S2A_T37SEB_20190607T080937_L2A
s1_00131,train,diyarbakir,40.256947,37.776873,32637,609410.0 4180520.0 611970.0 4183080.0,37SFB,S2B_T37SFB_20190702T081053_L2A,S2B_T37SFB_20190712T080818_L2A
s1_00132,train,adiyaman_kahta,38.64279,37.657123,32637,467210.0 4166550.0 469770.0 4169110.0,37SDB,S2B_T37SDB_20250908T081715_L2A,S2A_T37SDB_20250915T081634_L2A
s1_00133,val,amik_hatay,36.345305,36.262047,32636,799280.0 4016930.0 801840.0 4019490.0,36SYF,S2A_T36SYF_20250809T082619_L2A,S2C_T36SYF_20250817T082028_L2A
s1_00134,train,diyarbakir,40.335521,37.812063,32637,616280.0 4184520.0 618840.0 4187080.0,37SFB,S2B_T37SFB_20250630T081824_L2A,S2A_T37SFB_20250704T080726_L2A
s1_00135,train,harran,38.800578,36.94549,32637,480960.0 4087560.0 483520.0 4090120.0,37SDA,S2A_T37SDA_20230527T081239_L2A,S2B_T37SDA_20230601T080808_L2A
s1_00136,train,adiyaman_kahta,38.567275,37.828225,32637,460640.0 4185560.0 463200.0 4188120.0,37SDB,S2B_T37SDB_20190831T081707_L2A,S2A_T37SDB_20190905T080606_L2A
s1_00137,val,ceylanpinar,39.750024,36.934239,32637,565510.0 4086560.0 568070.0 4089120.0,37SEA,S2A_T37SEA_20190915T080645_L2A,S2B_T37SEA_20190920T081423_L2A
s1_00138,train,mardin_kiziltepe,40.558547,36.964426,32637,637460.0 4090780.0 640020.0 4093340.0,37SFA,S2A_T37SFA_20250624T080546_L2A,S2C_T37SFA_20250702T080238_L2A
s1_00139,train,mardin_kiziltepe,40.541522,37.186442,32637,635550.0 4115390.0 638110.0 4117950.0,37SFB,S2A_T37SFB_20250905T081601_L2A,S2C_T37SFB_20250913T080955_L2A
s1_00140,train,adiyaman_kahta,38.696542,37.664069,32637,471960.0 4167310.0 474520.0 4169870.0,37SDB,S2B_T37SDB_20240605T081237_L2A,S2A_T37SDB_20240610T081009_L2A
s1_00141,train,adiyaman_kahta,38.514513,37.768201,32637,455960.0 4178930.0 458520.0 4181490.0,37SDB,S2C_T37SDB_20250625T081910_L2A,S2B_T37SDB_20250630T081824_L2A
s1_00142,train,adiyaman_kahta,38.681606,37.84227,32637,470710.0 4187080.0 473270.0 4189640.0,37SDB,S2A_T37SDB_20200701T081414_L2A,S2B_T37SDB_20200706T080814_L2A
s1_00143,train,adiyaman_kahta,38.418826,37.698609,32637,447490.0 4171250.0 450050.0 4173810.0,37SDB,S2B_T37SDB_20240615T081238_L2A,S2A_T37SDB_20240623T082719_L2A
s1_00144,train,diyarbakir,40.546257,37.837689,32637,634780.0 4187650.0 637340.0 4190210.0,37SFB,S2B_T37SFB_20250819T081805_L2A,S2A_T37SFB_20250826T081635_L2A
s1_00145,train,harran,38.967466,36.871998,32637,495820.0 4079390.0 498380.0 4081950.0,37SDA,S2A_T37SDA_20240620T081529_L2A,S2B_T37SDA_20240625T081238_L2A
s1_00146,train,adiyaman_kahta,38.488348,37.780821,32637,453660.0 4180340.0 456220.0 4182900.0,37SDB,S2A_T37SDB_20230914T081138_L2A,S2B_T37SDB_20230919T081455_L2A
s1_00147,train,mardin_kiziltepe,40.492897,37.072611,32637,631430.0 4102690.0 633990.0 4105250.0,37SFB,S2A_T37SFB_20230723T080227_L2A,S2A_T37SFB_20230802T080228_L2A
s1_00148,val,ceylanpinar,40.091348,36.701375,32637,596200.0 4061020.0 598760.0 4063580.0,37SEA,S2A_T37SEA_20190528T081105_L2A,S2A_T37SEA_20190604T080809_L2A
s1_00149,train,harran,38.867665,37.0473,32637,486950.0 4098850.0 489510.0 4101410.0,37SDB,S2B_T37SDB_20250720T081820_L2A,S2C_T37SDB_20250725T081906_L2A
s1_00150,train,mardin_kiziltepe,40.946346,36.981548,32637,671950.0 4093320.0 674510.0 4095880.0,37SFB,S2B_T37SFB_20230628T080228_L2A,S2A_T37SFB_20230703T080228_L2A
s1_00151,train,siverek_viransehir,39.519208,37.670911,32637,544510.0 4168150.0 547070.0 4170710.0,37SEB,S2A_T37SEB_20230726T081240_L2A,S2A_T37SEB_20230805T081222_L2A
s1_00152,train,suruc,38.320578,37.048544,32637,438310.0 4099190.0 440870.0 4101750.0,37SDB,S2B_T37SDB_20200606T080814_L2A,S2B_T37SDB_20200616T081731_L2A
s1_00153,train,mardin_kiziltepe,40.892991,37.174306,32637,666770.0 4114610.0 669330.0 4117170.0,37SFB,S2C_T37SFB_20250702T080238_L2A,S2B_T37SFB_20250707T080226_L2A
s1_00154,train,pazarcik_maras,36.897758,37.588231,32637,313110.0 4160930.0 315670.0 4163490.0,37SCB,S2B_T37SCB_20240906T082116_L2A,S2B_T37SCB_20240916T081808_L2A
s1_00155,train,siverek_viransehir,39.589782,37.538495,32637,550820.0 4153500.0 553380.0 4156060.0,37SEB,S2A_T37SEB_20240928T081237_L2A,S2B_T37SEB_20241003T081746_L2A
s1_00156,train,suruc,38.353095,37.016393,32637,441170.0 4095610.0 443730.0 4098170.0,37SDB,S2A_T37SDB_20200611T081109_L2A,S2A_T37SDB_20200621T081658_L2A
s1_00157,val,ceylanpinar,39.835487,36.732654,32637,573320.0 4064260.0 575880.0 4066820.0,37SEA,S2A_T37SEA_20200618T080310_L2A,S2A_T37SEA_20200628T080942_L2A
s1_00158,train,diyarbakir,40.102648,37.853749,32637,595720.0 4188880.0 598280.0 4191440.0,37SEB,S2A_T37SEB_20200820T081651_L2A,S2B_T37SEB_20200825T081242_L2A
s1_00159,train,diyarbakir,40.015643,37.781283,32637,588160.0 4180750.0 590720.0 4183310.0,37SEB,S2B_T37SEB_20230820T080823_L2A,S2B_T37SEB_20230830T080827_L2A
s1_00160,train,cukurova_adana,35.399051,36.870096,32636,712560.0 4081870.0 715120.0 4084430.0,36SYF,S2B_T36SYF_20250603T082548_L2A,S2A_T36SYF_20250610T082620_L2A
s1_00161,train,cukurova_adana,35.490824,37.041102,32636,720240.0 4101050.0 722800.0 4103610.0,36SYG,S2B_T36SYG_20250921T082228_L2A,S2B_T36SYG_20251001T082009_L2A
s1_00162,val,ceylanpinar,40.049802,36.834223,32637,592330.0 4075720.0 594890.0 4078280.0,37SEA,S2B_T37SEA_20200812T080220_L2A,S2A_T37SEA_20200820T081651_L2A
s1_00163,val,amik_hatay,36.507804,36.425775,32637,275300.0 4032780.0 277860.0 4035340.0,37SBA,S2A_T37SBA_20240812T082759_L2A,S2B_T37SBA_20240817T081917_L2A
s1_00164,train,siverek_viransehir,39.718028,37.4428,32637,562240.0 4142960.0 564800.0 4145520.0,37SEB,S2A_T37SEB_20200810T081158_L2A,S2B_T37SEB_20200815T081240_L2A
s1_00165,train,adiyaman_kahta,38.562787,37.721218,32637,460190.0 4173690.0 462750.0 4176250.0,37SDB,S2B_T37SDB_20240625T081238_L2A,S2B_T37SDB_20240705T081239_L2A
s1_00166,train,suruc,38.476868,36.902997,32637,452110.0 4082960.0 454670.0 4085520.0,37SDA,S2A_T37SDA_20230726T081240_L2A,S2B_T37SDA_20230731T081240_L2A
s1_00167,train,mardin_kiziltepe,40.625054,37.03306,32637,643250.0 4098490.0 645810.0 4101050.0,37SFB,S2A_T37SFB_20200916T080228_L2A,S2B_T37SFB_20200924T081136_L2A
s1_00168,train,pazarcik_maras,36.994806,37.437375,32637,321320.0 4144000.0 323880.0 4146560.0,37SCB,S2A_T37SCB_20190630T082343_L2A,S2B_T37SCB_20190705T082331_L2A
s1_00169,train,siverek_viransehir,39.829009,37.518447,32637,571980.0 4151430.0 574540.0 4153990.0,37SEB,S2C_T37SEB_20250605T080756_L2A,S2B_T37SEB_20250610T081711_L2A
s1_00170,train,siverek_viransehir,39.778811,37.711715,32637,567360.0 4172840.0 569920.0 4175400.0,37SEB,S2B_T37SEB_20240625T081238_L2A,S2B_T37SEB_20240705T081239_L2A
s1_00171,train,pazarcik_maras,37.096887,37.505501,32637,330510.0 4151370.0 333070.0 4153930.0,37SCB,S2B_T37SCB_20250613T081848_L2A,S2A_T37SCB_20250620T082602_L2A
s1_00172,val,amik_hatay,36.33818,36.331526,32636,798370.0 4024620.0 800930.0 4027180.0,36SYF,S2A_T36SYF_20200704T081759_L2A,S2A_T36SYF_20200714T081911_L2A
s1_00173,train,cukurova_adana,35.738019,36.974644,32636,742440.0 4094280.0 745000.0 4096840.0,36SYF,S2B_T36SYF_20250524T082325_L2A,S2A_T36SYF_20250531T082620_L2A
s1_00174,train,siverek_viransehir,39.287144,37.36533,32637,524150.0 4134160.0 526710.0 4136720.0,37SEB,S2A_T37SEB_20200919T081243_L2A,S2A_T37SEB_20200929T081242_L2A
s1_00175,train,suruc,38.346721,36.851405,32637,440480.0 4077310.0 443040.0 4079870.0,37SDA,S2B_T37SDA_20190712T081950_L2A,S2A_T37SDA_20190717T081107_L2A
s1_00176,train,pazarcik_maras,37.066975,37.525218,32637,327910.0 4153610.0 330470.0 4156170.0,37SCB,S2A_T37SCB_20230818T082902_L2A,S2B_T37SCB_20230823T082524_L2A
s1_00177,val,ceylanpinar,39.930836,36.932835,32637,581620.0 4086550.0 584180.0 4089110.0,37SEA,S2A_T37SEA_20230527T081239_L2A,S2A_T37SEA_20230606T081239_L2A
s1_00178,train,siverek_viransehir,39.638715,37.692992,32637,555030.0 4170660.0 557590.0 4173220.0,37SEB,S2A_T37SEB_20190717T081107_L2A,S2A_T37SEB_20190727T081534_L2A
s1_00179,train,mardin_kiziltepe,40.967825,36.981815,32637,673860.0 4093380.0 676420.0 4095940.0,37SFA,S2A_T37SFA_20190624T080348_L2A,S2B_T37SFA_20190629T080033_L2A
s1_00180,train,diyarbakir,40.480952,37.946669,32637,628840.0 4199650.0 631400.0 4202210.0,37SFC,S2A_T37SFC_20200529T075615_L2A,S2A_T37SFC_20200608T080252_L2A
s1_00181,train,mardin_kiziltepe,40.998156,36.977889,32637,676570.0 4093010.0 679130.0 4095570.0,37SFB,S2B_T37SFB_20230509T080226_L2A,S2A_T37SFB_20230514T080223_L2A
s1_00182,train,diyarbakir,40.178139,37.89381,32637,602310.0 4193410.0 604870.0 4195970.0,37SFB,S2B_T37SFB_20250707T080226_L2A,S2B_T37SFB_20250717T075857_L2A
s1_00183,train,mardin_kiziltepe,40.847545,36.978627,32637,663160.0 4092820.0 665720.0 4095380.0,37SFB,S2B_T37SFB_20230628T080228_L2A,S2A_T37SFB_20230703T080228_L2A
s1_00184,train,suruc,38.513446,36.984669,32637,455420.0 4092000.0 457980.0 4094560.0,37SDB,S2B_T37SDB_20240625T081238_L2A,S2A_T37SDB_20240630T081901_L2A
s1_00185,train,suruc,38.389437,36.977863,32637,444380.0 4091310.0 446940.0 4093870.0,37SDA,S2A_T37SDA_20200909T081240_L2A,S2A_T37SDA_20200919T081243_L2A
s1_00186,val,ceylanpinar,40.275785,36.865099,32637,612440.0 4079390.0 615000.0 4081950.0,37SFA,S2B_T37SFA_20230919T081455_L2A,S2A_T37SFA_20230924T081240_L2A
s1_00187,train,harran,38.999649,36.755967,32637,498690.0 4066520.0 501250.0 4069080.0,37SDA,S2A_T37SDA_20240531T081516_L2A,S2A_T37SDA_20240610T081009_L2A
s1_00188,val,ceylanpinar,39.91247,36.94909,32637,579960.0 4088330.0 582520.0 4090890.0,37SEA,S2A_T37SEA_20230921T075935_L2A,S2B_T37SEA_20230929T081237_L2A
s1_00189,train,siverek_viransehir,39.599494,37.634073,32637,551610.0 4164100.0 554170.0 4166660.0,37SEB,S2A_T37SEB_20250627T081637_L2A,S2C_T37SEB_20250705T081945_L2A
s1_00190,val,amik_hatay,36.54677,36.431937,32637,278810.0 4033380.0 281370.0 4035940.0,37SBA,S2A_T37SBA_20240723T082351_L2A,S2B_T37SBA_20240728T082249_L2A
s1_00191,train,harran,38.912585,37.042927,32637,490950.0 4098360.0 493510.0 4100920.0,37SDB,S2B_T37SDB_20200606T080814_L2A,S2A_T37SDB_20200611T081109_L2A
s1_00192,val,amik_hatay,36.336853,36.255563,32637,259450.0 4014300.0 262010.0 4016860.0,37SBA,S2B_T37SBA_20230704T082253_L2A,S2A_T37SBA_20230709T082253_L2A
s1_00193,train,suruc,38.540668,36.898602,32637,457800.0 4082440.0 460360.0 4085000.0,37SDA,S2A_T37SDA_20240908T081155_L2A,S2B_T37SDA_20240913T081648_L2A
s1_00194,val,amik_hatay,36.477744,36.443211,32637,272650.0 4034790.0 275210.0 4037350.0,37SBA,S2A_T37SBA_20200803T082535_L2A,S2B_T37SBA_20200808T082811_L2A
s1_00195,train,cukurova_adana,35.570965,36.962021,32636,727610.0 4092470.0 730170.0 4095030.0,36SYF,S2B_T36SYF_20250914T083807_L2A,S2B_T36SYF_20250921T082228_L2A
s1_00196,train,siverek_viransehir,39.362449,37.369365,32637,530810.0 4134630.0 533370.0 4137190.0,37SEB,S2A_T37SEB_20230527T081239_L2A,S2B_T37SEB_20230601T080808_L2A
s1_00197,train,harran,38.854806,36.787786,32637,485770.0 4070060.0 488330.0 4072620.0,37SDA,S2A_T37SDA_20190826T081708_L2A,S2A_T37SDA_20190905T080606_L2A
s1_00198,train,adiyaman_kahta,38.486902,37.676643,32637,453470.0 4168780.0 456030.0 4171340.0,37SDB,S2A_T37SDB_20190717T081107_L2A,S2B_T37SDB_20190722T081643_L2A
s1_00199,train,suruc,38.353131,36.865073,32637,441060.0 4078820.0 443620.0 4081380.0,37SDA,S2B_T37SDA_20240705T081239_L2A,S2A_T37SDA_20240710T081552_L2A
s1_00200,train,suruc,38.416995,36.860353,32637,446750.0 4078260.0 449310.0 4080820.0,37SDA,S2B_T37SDA_20200527T081852_L2A,S2B_T37SDA_20200606T080814_L2A
s1_00201,train,adiyaman_kahta,38.44663,37.708406,32637,449940.0 4172330.0 452500.0 4174890.0,37SDB,S2B_T37SDB_20190615T082515_L2A,S2A_T37SDB_20190620T082150_L2A
s1_00202,train,diyarbakir,40.071786,37.77966,32637,593100.0 4180630.0 595660.0 4183190.0,37SEB,S2B_T37SEB_20200616T081731_L2A,S2B_T37SEB_20200626T080757_L2A
s1_00203,train,siverek_viransehir,39.667093,37.485365,32637,557700.0 4147650.0 560260.0 4150210.0,37SEB,S2A_T37SEB_20230626T081239_L2A,S2A_T37SEB_20230706T081241_L2A
s1_00204,train,adiyaman_kahta,38.713702,37.78136,32637,473510.0 4180320.0 476070.0 4182880.0,37SDB,S2B_T37SDB_20250720T081820_L2A,S2B_T37SDB_20250730T080847_L2A
s1_00205,train,suruc,38.321397,36.977458,32637,438320.0 4091310.0 440880.0 4093870.0,37SDA,S2B_T37SDA_20250908T081715_L2A,S2A_T37SDA_20250915T081634_L2A
s1_00206,train,diyarbakir,40.542969,38.024888,32637,634150.0 4208420.0 636710.0 4210980.0,37SFC,S2A_T37SFC_20200618T080310_L2A,S2B_T37SFC_20200623T080005_L2A
s1_00207,train,siverek_viransehir,39.681936,37.417079,32637,559060.0 4140080.0 561620.0 4142640.0,37SEB,S2B_T37SEB_20250720T081820_L2A,S2A_T37SEB_20250727T081606_L2A
s1_00208,val,ceylanpinar,40.078724,36.888241,32637,594840.0 4081740.0 597400.0 4084300.0,37SEA,S2A_T37SEA_20200601T081004_L2A,S2B_T37SEA_20200606T080814_L2A
s1_00209,train,adiyaman_kahta,38.44132,37.700063,32637,449470.0 4171400.0 452030.0 4173960.0,37SDB,S2B_T37SDB_20190503T081052_L2A,S2B_T37SDB_20190513T080937_L2A
s1_00210,train,diyarbakir,40.191166,37.824015,32637,603550.0 4185680.0 606110.0 4188240.0,37SEB,S2B_T37SEB_20240602T080224_L2A,S2B_T37SEB_20240612T080747_L2A
s1_00211,val,ceylanpinar,39.730835,36.832437,32637,563890.0 4075250.0 566450.0 4077810.0,37SEA,S2A_T37SEA_20190707T080857_L2A,S2A_T37SEA_20190717T081107_L2A
s1_00212,train,diyarbakir,40.194719,38.031179,32637,603570.0 4208670.0 606130.0 4211230.0,37SFC,S2A_T37SFC_20240928T081237_L2A,S2B_T37SFC_20241003T081746_L2A
s1_00213,val,amik_hatay,36.520477,36.299262,32637,276070.0 4018710.0 278630.0 4021270.0,37SBA,S2B_T37SBA_20250812T081809_L2A,S2C_T37SBA_20250817T082028_L2A
s1_00214,train,harran,39.055033,37.072128,32637,503610.0 4101600.0 506170.0 4104160.0,37SEB,S2B_T37SEB_20230909T080819_L2A,S2B_T37SEB_20230919T081455_L2A
s1_00215,train,suruc,38.349159,36.861761,32637,440710.0 4078450.0 443270.0 4081010.0,37SDA,S2B_T37SDA_20230820T080823_L2A,S2B_T37SDA_20230830T080827_L2A
s2_00000,train,mardin_kiziltepe,40.567333,37.13649,32637,637930.0 4109880.0 640490.0 4112440.0,37SFB,S2A_T37SFB_20230805T081222_L2A,S2A_T37SFB_20230812T080344_L2A
s2_00001,train,diyarbakir,40.215718,37.756473,32637,605810.0 4178210.0 608370.0 4180770.0,37SFB,S2B_T37SFB_20190719T080030_L2A,S2A_T37SFB_20190727T081534_L2A
s2_00002,val,amik_hatay,36.27528,36.240699,32636,793060.0 4014340.0 795620.0 4016900.0,36SYF,S2B_T36SYF_20240628T082950_L2A,S2A_T36SYF_20240703T082714_L2A
s2_00003,train,diyarbakir,40.216999,38.041665,32637,605510.0 4209860.0 608070.0 4212420.0,37SEC,S2B_T37SEC_20200706T080814_L2A,S2B_T37SEC_20200716T081121_L2A
s2_00004,train,siverek_viransehir,39.626907,37.53479,32637,554110.0 4153110.0 556670.0 4155670.0,37SEB,S2B_T37SEB_20190920T081423_L2A,S2A_T37SEB_20190925T080817_L2A
s2_00005,train,harran,39.195958,37.05888,32637,516140.0 4100140.0 518700.0 4102700.0,37SEB,S2B_T37SEB_20190801T081001_L2A,S2A_T37SEB_20190806T080939_L2A
s2_00006,train,pazarcik_maras,37.191704,37.505157,32637,338890.0 4151170.0 341450.0 4153730.0,37SCB,S2B_T37SCB_20190725T082353_L2A,S2B_T37SCB_20190804T082330_L2A
s2_00007,val,amik_hatay,36.413108,36.304057,32636,805200.0 4021800.0 807760.0 4024360.0,36SYF,S2A_T36SYF_20230818T082902_L2A,S2B_T36SYF_20230823T082524_L2A
s2_00008,train,cukurova_adana,35.340919,36.925829,32636,707220.0 4087920.0 709780.0 4090480.0,36SXF,S2A_T36SXF_20190918T082614_L2A,S2A_T36SXF_20190928T082121_L2A
s2_00009,train,siverek_viransehir,39.724873,37.456364,32637,562830.0 4144470.0 565390.0 4147030.0,37SEB,S2B_T37SEB_20250531T081630_L2A,S2A_T37SEB_20250607T081637_L2A
s2_00010,train,diyarbakir,40.195858,37.976458,32637,603750.0 4202600.0 606310.0 4205160.0,37SFC,S2A_T37SFC_20230703T080228_L2A,S2A_T37SFC_20230713T080608_L2A
s2_00011,train,adiyaman_kahta,38.433516,37.654301,32637,448750.0 4166330.0 451310.0 4168890.0,37SDB,S2B_T37SDB_20230721T081241_L2A,S2B_T37SDB_20230731T081240_L2A
s2_00012,train,adiyaman_kahta,38.745835,37.669444,32637,476310.0 4167890.0 478870.0 4170450.0,37SDB,S2B_T37SDB_20230919T081455_L2A,S2B_T37SDB_20230929T081237_L2A
s2_00013,train,diyarbakir,40.31609,37.828784,32637,614540.0 4186350.0 617100.0 4188910.0,37SFB,S2B_T37SFB_20190828T080148_L2A,S2A_T37SFB_20190902T080546_L2A
s2_00014,val,amik_hatay,36.393801,36.431268,32637,265090.0 4033660.0 267650.0 4036220.0,37SBA,S2B_T37SBA_20190625T082241_L2A,S2A_T37SBA_20190630T082343_L2A
s2_00015,val,amik_hatay,36.496206,36.427683,32637,274260.0 4033020.0 276820.0 4035580.0,37SBA,S2B_T37SBA_20240529T082855_L2A,S2A_T37SBA_20240603T082744_L2A
s2_00016,train,cukurova_adana,35.381101,37.03238,32636,710510.0 4099840.0 713070.0 4102400.0,36SYG,S2B_T36SYG_20250606T083407_L2A,S2A_T36SYG_20250610T082620_L2A
s2_00017,train,pazarcik_maras,36.870342,37.460991,32637,310370.0 4146860.0 312930.0 4149420.0,37SCB,S2A_T37SCB_20240623T082719_L2A,S2A_T37SCB_20240703T082714_L2A
s2_00018,val,amik_hatay,36.50542,36.296947,32637,274710.0 4018490.0 277270.0 4021050.0,37SBA,S2B_T37SBA_20190615T082515_L2A,S2B_T37SBA_20190625T082241_L2A
s2_00019,train,pazarcik_maras,37.168084,37.499627,32637,336790.0 4150600.0 339350.0 4153160.0,37SCB,S2B_T37SCB_20230614T082253_L2A,S2B_T37SCB_20230624T082252_L2A
s2_00020,train,harran,39.072068,36.819499,32637,505150.0 4073570.0 507710.0 4076130.0,37SEA,S2B_T37SEA_20200527T081852_L2A,S2B_T37SEA_20200606T081947_L2A
s2_00021,val,amik_hatay,36.273794,36.304031,32637,253930.0 4019840.0 256490.0 4022400.0,37SBA,S2A_T37SBA_20240703T082714_L2A,S2B_T37SBA_20240708T082149_L2A
s2_00022,train,diyarbakir,40.062752,37.798879,32637,592280.0 4182750.0 594840.0 4185310.0,37SEB,S2A_T37SEB_20240918T081428_L2A,S2A_T37SEB_20240928T081237_L2A
s2_00023,train,mardin_kiziltepe,40.820814,36.993622,32637,660750.0 4094430.0 663310.0 4096990.0,37SFA,S2A_T37SFA_20240627T080223_L2A,S2B_T37SFA_20240702T080154_L2A
s2_00024,train,siverek_viransehir,39.59124,37.513552,32637,550970.0 4150730.0 553530.0 4153290.0,37SEB,S2B_T37SEB_20250918T081855_L2A,S2A_T37SEB_20250925T081603_L2A
s2_00025,train,adiyaman_kahta,38.338014,37.75425,32637,440410.0 4177480.0 442970.0 4180040.0,37SDB,S2C_T37SDB_20250509T082115_L2A,S2B_T37SDB_20250514T082639_L2A
s2_00026,train,mardin_kiziltepe,40.517736,36.98395,32637,633790.0 4092890.0 636350.0 4095450.0,37SFB,S2B_T37SFB_20251005T080907_L2A,S2C_T37SFB_20251010T075931_L2A
s2_00027,train,diyarbakir,40.542694,37.773358,32637,634580.0 4180510.0 637140.0 4183070.0,37SFB,S2C_T37SFB_20250804T081005_L2A,S2B_T37SFB_20250809T081103_L2A
s2_00028,val,amik_hatay,36.337393,36.376068,32637,259860.0 4027670.0 262420.0 4030230.0,37SBA,S2B_T37SBA_20240628T082950_L2A,S2A_T37SBA_20240703T082714_L2A
s2_00029,val,ceylanpinar,39.948791,36.853591,32637,583300.0 4077770.0 585860.0 4080330.0,37SEA,S2B_T37SEA_20190917T080223_L2A,S2B_T37SEA_20190927T080155_L2A
s2_00030,val,ceylanpinar,39.976375,36.840982,32637,585780.0 4076400.0 588340.0 4078960.0,37SEA,S2A_T37SEA_20200601T081004_L2A,S2B_T37SEA_20200606T080814_L2A
s2_00031,train,mardin_kiziltepe,40.727717,37.01294,32637,652430.0 4096420.0 654990.0 4098980.0,37SFA,S2B_T37SFA_20190520T080019_L2A,S2A_T37SFA_20190528T081105_L2A
s2_00032,train,siverek_viransehir,39.463565,37.355569,32637,539770.0 4133140.0 542330.0 4135700.0,37SEB,S2A_T37SEB_20240908T081155_L2A,S2B_T37SEB_20240913T081648_L2A
s2_00033,train,harran,38.907872,37.027501,32637,490530.0 4096650.0 493090.0 4099210.0,37SDA,S2C_T37SDA_20250913T080955_L2A,S2B_T37SDA_20250918T081855_L2A
s2_00034,train,harran,39.251058,36.847365,32637,521100.0 4076690.0 523660.0 4079250.0,37SEA,S2B_T37SEA_20240526T081235_L2A,S2A_T37SEA_20240531T081516_L2A
s2_00035,train,pazarcik_maras,36.86111,37.546575,32637,309770.0 4156380.0 312330.0 4158940.0,37SCB,S2B_T37SCB_20250901T082111_L2A,S2A_T37SCB_20250908T082616_L2A
s2_00036,train,pazarcik_maras,36.887403,37.340984,32637,311580.0 4133510.0 314140.0 4136070.0,37SCB,S2A_T37SCB_20250531T082620_L2A,S2A_T37SCB_20250610T082620_L2A
s2_00037,train,harran,39.231906,36.777741,32637,519410.0 4068960.0 521970.0 4071520.0,37SEA,S2B_T37SEA_20250819T081805_L2A,S2A_T37SEA_20250826T081635_L2A
s2_00038,val,ceylanpinar,40.010012,36.703627,32637,588940.0 4061190.0 591500.0 4063750.0,37SEA,S2A_T37SEA_20240720T081232_L2A,S2A_T37SEA_20240730T081107_L2A
s2_00039,train,adiyaman_kahta,38.426053,37.78777,32637,448180.0 4181140.0 450740.0 4183700.0,37SDB,S2A_T37SDB_20190819T082341_L2A,S2A_T37SDB_20190826T081708_L2A
s2_00040,train,mardin_kiziltepe,40.528505,37.080493,32637,634580.0 4103610.0 637140.0 4106170.0,37SFB,S2A_T37SFB_20200608T080252_L2A,S2B_T37SFB_20200616T081731_L2A
s2_00041,train,siverek_viransehir,39.496644,37.39815,32637,542680.0 4137880.0 545240.0 4140440.0,37SEB,S2A_T37SEB_20230726T081240_L2A,S2A_T37SEB_20230805T081222_L2A
s2_00042,train,suruc,38.477541,36.971694,32637,452220.0 4090580.0 454780.0 4093140.0,37SDB,S2A_T37SDB_20230924T081240_L2A,S2B_T37SDB_20230929T081237_L2A
s2_00043,train,adiyaman_kahta,38.333277,37.823002,32637,440040.0 4185110.0 442600.0 4187670.0,37SDB,S2B_T37SDB_20200917T082530_L2A,S2B_T37SDB_20200927T081901_L2A
s2_00044,train,siverek_viransehir,39.51377,37.360557,32637,544220.0 4133720.0 546780.0 4136280.0,37SEB,S2A_T37SEB_20240531T081516_L2A,S2B_T37SEB_20240605T081237_L2A
s2_00045,train,mardin_kiziltepe,40.533934,37.061047,32637,635100.0 4101460.0 637660.0 4104020.0,37SFB,S2C_T37SFB_20250712T080246_L2A,S2C_T37SFB_20250722T080344_L2A
s2_00046,val,amik_hatay,36.311066,36.310202,32636,796020.0 4022170.0 798580.0 4024730.0,36SYF,S2B_T36SYF_20200907T081959_L2A,S2A_T36SYF_20200912T081817_L2A
s2_00047,val,amik_hatay,36.345146,36.250426,32637,260180.0 4013710.0 262740.0 4016270.0,37SBA,S2B_T37SBA_20200629T082209_L2A,S2B_T37SBA_20200709T081951_L2A
s2_00048,train,cukurova_adana,35.340129,36.999137,32636,706950.0 4096060.0 709510.0 4098620.0,36SYF,S2A_T36SYF_20230907T082047_L2A,S2B_T36SYF_20230915T083906_L2A
s2_00049,val,ceylanpinar,40.198471,36.721943,32637,605740.0 4063420.0 608300.0 4065980.0,37SEA,S2B_T37SEA_20250528T080847_L2A,S2B_T37SEA_20250607T080656_L2A
s2_00050,train,harran,39.057213,36.867565,32637,503820.0 4078900.0 506380.0 4081460.0,37SDA,S2B_T37SDA_20250521T081818_L2A,S2B_T37SDA_20250531T081630_L2A
s2_00051,train,pazarcik_maras,37.004079,37.487769,32637,322260.0 4149580.0 324820.0 4152140.0,37SCB,S2B_T37SCB_20230813T082937_L2A,S2B_T37SCB_20230823T082524_L2A
s2_00052,train,pazarcik_maras,37.137779,37.518776,32637,334150.0 4152770.0 336710.0 4155330.0,37SCB,S2B_T37SCB_20200510T082220_L2A,S2B_T37SCB_20200520T082634_L2A
s2_00053,train,suruc,38.310835,36.893092,32637,437310.0 4081950.0 439870.0 4084510.0,37SDA,S2A_T37SDA_20240918T081428_L2A,S2A_T37SDA_20240928T081237_L2A
s2_00054,train,adiyaman_kahta,38.549477,37.815665,32637,459070.0 4184180.0 461630.0 4186740.0,37SDB,S2A_T37SDB_20230904T081016_L2A,S2A_T37SDB_20230914T081138_L2A
s2_00055,val,ceylanpinar,39.757015,36.881952,32637,566180.0 4080760.0 568740.0 4083320.0,37SEA,S2B_T37SEA_20230909T080819_L2A,S2A_T37SEA_20230914T081138_L2A
s2_00056,train,diyarbakir,40.368581,37.860991,32637,619110.0 4189990.0 621670.0 4192550.0,37SFB,S2B_T37SFB_20250809T081103_L2A,S2B_T37SFB_20250816T080225_L2A
s2_00057,train,siverek_viransehir,39.689623,37.372271,32637,559780.0 4135110.0 562340.0 4137670.0,37SEB,S2A_T37SEB_20190905T080606_L2A,S2A_T37SEB_20190915T080645_L2A
s2_00058,train,mardin_kiziltepe,40.895568,37.075389,32637,667220.0 4103640.0 669780.0 4106200.0,37SFB,S2A_T37SFB_20250714T080550_L2A,S2C_T37SFB_20250722T080344_L2A
s2_00059,train,pazarcik_maras,36.897209,37.349038,32637,312470.0 4134390.0 315030.0 4136950.0,37SCB,S2A_T37SCB_20250918T082556_L2A,S2C_T37SCB_20250926T082539_L2A
s2_00060,val,amik_hatay,36.391321,36.44303,32637,264900.0 4034970.0 267460.0 4037530.0,37SBA,S2B_T37SBA_20240608T082251_L2A,S2B_T37SBA_20240618T081917_L2A
s2_00061,train,pazarcik_maras,36.860477,37.333936,32637,309180.0 4132780.0 311740.0 4135340.0,37SCB,S2B_T37SCB_20200818T082854_L2A,S2B_T37SCB_20200828T082254_L2A
s2_00062,val,ceylanpinar,40.02757,36.884744,32637,590290.0 4081300.0 592850.0 4083860.0,37SEA,S2B_T37SEA_20250528T080847_L2A,S2A_T37SEA_20250604T080548_L2A
s2_00063,train,harran,39.252918,37.04088,32637,521210.0 4098160.0 523770.0 4100720.0,37SEB,S2A_T37SEB_20200810T081940_L2A,S2B_T37SEB_20200815T081240_L2A
s2_00064,train,cukurova_adana,35.435015,36.863132,32636,715780.0 4081180.0 718340.0 4083740.0,36SYF,S2B_T36SYF_20240608T082251_L2A,S2A_T36SYF_20240613T082254_L2A
s2_00065,train,siverek_viransehir,39.211372,37.484332,32637,517410.0 4147340.0 519970.0 4149900.0,37SEB,S2A_T37SEB_20230626T081239_L2A,S2B_T37SEB_20230701T081240_L2A
s2_00066,val,ceylanpinar,40.162604,36.921886,32637,602270.0 4085560.0 604830.0 4088120.0,37SEA,S2B_T37SEA_20200921T080225_L2A,S2B_T37SEA_20201001T080229_L2A
s2_00067,train,cukurova_adana,35.507999,36.956491,32636,722020.0 4091710.0 724580.0 4094270.0,36SYG,S2B_T36SYG_20250822T082854_L2A,S2C_T36SYG_20250827T082955_L2A
s2_00068,train,diyarbakir,40.250065,37.785186,32637,608790.0 4181440.0 611350.0 4184000.0,37SFB,S2B_T37SFB_20250617T080740_L2A,S2C_T37SFB_20250625T081910_L2A
s2_00069,train,pazarcik_maras,36.919591,37.363701,32637,314490.0 4135970.0 317050.0 4138530.0,37SCB,S2A_T37SCB_20200624T082509_L2A,S2A_T37SCB_20200704T081759_L2A
s2_00070,train,diyarbakir,40.584908,37.851798,32637,638150.0 4189280.0 640710.0 4191840.0,37SFB,S2A_T37SFB_20200529T075615_L2A,S2B_T37SFB_20200606T080814_L2A
s2_00071,train,suruc,38.398688,36.895588,32637,445140.0 4082180.0 447700.0 4084740.0,37SDA,S2A_T37SDA_20230706T081241_L2A,S2A_T37SDA_20230716T081240_L2A
s2_00072,val,amik_hatay,36.501593,36.301878,32637,274380.0 4019050.0 276940.0 4021610.0,37SBA,S2C_T37SBA_20250718T082959_L2A,S2B_T37SBA_20250723T082250_L2A
s2_00073,train,pazarcik_maras,37.101304,37.560405,32637,331020.0 4157460.0 333580.0 4160020.0,37SCB,S2B_T37SCB_20230505T081800_L2A,S2A_T37SCB_20230510T082247_L2A
s2_00074,train,mardin_kiziltepe,40.770139,37.09547,32637,656030.0 4105650.0 658590.0 4108210.0,37SFB,S2B_T37SFB_20230916T080107_L2A,S2A_T37SFB_20230924T081240_L2A
s2_00075,train,adiyaman_kahta,38.385918,37.710857,32637,444590.0 4172630.0 447150.0 4175190.0,37SDB,S2B_T37SDB_20230601T080808_L2A,S2A_T37SDB_20230606T081239_L2A
s2_00076,val,ceylanpinar,39.859845,36.705854,32637,575520.0 4061310.0 578080.0 4063870.0,37SEA,S2B_T37SEA_20230827T080951_L2A,S2B_T37SEA_20230906T080553_L2A
s2_00077,val,ceylanpinar,40.280174,36.773214,32637,612960.0 4069200.0 615520.0 4071760.0,37SFA,S2A_T37SFA_20240730T081107_L2A,S2B_T37SFA_20240804T080922_L2A
s2_00078,val,amik_hatay,36.357194,36.211592,32636,800540.0 4011360.0 803100.0 4013920.0,36SYF,S2A_T36SYF_20200803T082535_L2A,S2A_T36SYF_20200813T082427_L2A
s2_00079,train,harran,38.730569,36.822972,32637,474690.0 4073990.0 477250.0 4076550.0,37SDA,S2A_T37SDA_20230805T081222_L2A,S2A_T37SDA_20230815T081400_L2A
s2_00080,train,mardin_kiziltepe,40.983844,37.037615,32637,675160.0 4099610.0 677720.0 4102170.0,37SFB,S2A_T37SFB_20250704T080726_L2A,S2A_T37SFB_20250714T080550_L2A
s2_00081,train,mardin_kiziltepe,40.847008,37.076202,32637,662900.0 4103640.0 665460.0 4106200.0,37SFB,S2B_T37SFB_20240602T080224_L2A,S2A_T37SFB_20240607T080029_L2A
s2_00082,train,mardin_kiziltepe,40.907283,37.085375,32637,668240.0 4104770.0 670800.0 4107330.0,37SFB,S2A_T37SFB_20190902T080546_L2A,S2B_T37SFB_20190907T080722_L2A
s2_00083,train,suruc,38.394253,36.857288,32637,444720.0 4077930.0 447280.0 4080490.0,37SDA,S2A_T37SDA_20240819T081658_L2A,S2B_T37SDA_20240824T081408_L2A
s2_00084,train,adiyaman_kahta,38.375244,37.73785,32637,443670.0 4175630.0 446230.0 4178190.0,37SDB,S2B_T37SDB_20230604T082252_L2A,S2B_T37SDB_20230611T081240_L2A
s2_00085,train,suruc,38.411799,36.981263,32637,446370.0 4091680.0 448930.0 4094240.0,37SDB,S2C_T37SDB_20250804T081005_L2A,S2B_T37SDB_20250809T081103_L2A
s2_00086,train,pazarcik_maras,36.91474,37.425401,32637,314210.0 4142830.0 316770.0 4145390.0,37SCB,S2A_T37SCB_20240603T082744_L2A,S2B_T37SCB_20240608T082251_L2A
s2_00087,train,siverek_viransehir,39.877616,37.414098,32637,576380.0 4139890.0 578940.0 4142450.0,37SEB,S2B_T37SEB_20230601T080808_L2A,S2B_T37SEB_20230611T081240_L2A
s2_00088,train,diyarbakir,40.194078,38.032519,32637,603510.0 4208820.0 606070.0 4211380.0,37SFC,S2B_T37SFC_20190629T080033_L2A,S2A_T37SFC_20190707T080857_L2A
s2_00089,val,amik_hatay,36.373712,36.229684,32636,801950.0 4013420.0 804510.0 4015980.0,36SYF,S2B_T36SYF_20250524T082325_L2A,S2A_T36SYF_20250531T082620_L2A
s2_00090,val,amik_hatay,36.51835,36.340542,32637,276000.0 4023300.0 278560.0 4025860.0,37SBA,S2A_T37SBA_20230818T082902_L2A,S2B_T37SBA_20230823T082524_L2A
s2_00091,train,pazarcik_maras,37.085009,37.495903,32637,329440.0 4150330.0 332000.0 4152890.0,37SCB,S2A_T37SCB_20200803T082535_L2A,S2B_T37SCB_20200808T082811_L2A
s2_00092,train,mardin_kiziltepe,40.997245,37.193833,32637,675980.0 4116960.0 678540.0 4119520.0,37SFB,S2A_T37SFB_20250714T080550_L2A,S2C_T37SFB_20250722T080344_L2A
s2_00093,train,siverek_viransehir,39.40715,37.732683,32637,534600.0 4174950.0 537160.0 4177510.0,37SEB,S2B_T37SEB_20250610T081711_L2A,S2A_T37SEB_20250617T081600_L2A
s2_00094,train,pazarcik_maras,36.89989,37.3352,32637,312670.0 4132850.0 315230.0 4135410.0,37SCB,S2B_T37SCB_20190804T082330_L2A,S2A_T37SCB_20190809T081759_L2A
s2_00095,train,mardin_kiziltepe,40.483511,37.055785,32637,630620.0 4100810.0 633180.0 4103370.0,37SFB,S2B_T37SFB_20200921T080225_L2A,S2A_T37SFB_20200926T080229_L2A
s2_00096,train,suruc,38.343456,36.890112,32637,440220.0 4081600.0 442780.0 4084160.0,37SDA,S2A_T37SDA_20230606T081239_L2A,S2B_T37SDA_20230611T081240_L2A
s2_00097,train,suruc,38.484982,36.870966,32637,452820.0 4079400.0 455380.0 4081960.0,37SDA,S2B_T37SDA_20240605T081237_L2A,S2A_T37SDA_20240610T081009_L2A
s2_00098,train,siverek_viransehir,39.637884,37.42106,32637,555160.0 4140490.0 557720.0 4143050.0,37SEB,S2A_T37SEB_20250806T081636_L2A,S2A_T37SEB_20250816T081600_L2A
s2_00099,val,ceylanpinar,39.997476,36.816595,32637,587690.0 4073710.0 590250.0 4076270.0,37SEA,S2A_T37SEA_20240531T081516_L2A,S2A_T37SEA_20240610T081009_L2A
s2_00100,val,ceylanpinar,40.077103,36.779759,32637,594830.0 4069700.0 597390.0 4072260.0,37SEA,S2A_T37SEA_20200919T081243_L2A,S2A_T37SEA_20200929T081242_L2A
s2_00101,train,suruc,38.324396,37.0137,32637,438620.0 4095330.0 441180.0 4097890.0,37SDB,S2B_T37SDB_20240705T081239_L2A,S2A_T37SDB_20240710T081552_L2A
s2_00102,train,siverek_viransehir,39.589368,37.468377,32637,550840.0 4145720.0 553400.0 4148280.0,37SEB,S2A_T37SEB_20240829T081516_L2A,S2A_T37SEB_20240908T081155_L2A
s2_00103,val,ceylanpinar,39.963749,36.946479,32637,584530.0 4088090.0 587090.0 4090650.0,37SEA,S2A_T37SEA_20250624T080546_L2A,S2A_T37SEA_20250704T080726_L2A
s2_00104,val,amik_hatay,36.363934,36.277894,32637,261950.0 4016720.0 264510.0 4019280.0,37SBA,S2B_T37SBA_20190824T082450_L2A,S2B_T37SBA_20190903T082355_L2A
s2_00105,train,adiyaman_kahta,38.660272,37.777341,32637,468800.0 4179890.0 471360.0 4182450.0,37SDB,S2A_T37SDB_20190925T080817_L2A,S2B_T37SDB_20190930T081001_L2A
s2_00106,train,harran,39.212648,36.995171,32637,517640.0 4093080.0 520200.0 4095640.0,37SEB,S2A_T37SEB_20230924T081240_L2A,S2B_T37SEB_20230929T081237_L2A
s2_00107,train,harran,38.798649,36.805696,32637,480760.0 4072060.0 483320.0 4074620.0,37SDA,S2A_T37SDA_20190727T081534_L2A,S2A_T37SDA_20190806T080939_L2A
s2_00108,train,adiyaman_kahta,38.653773,37.664402,32637,468180.0 4167360.0 470740.0 4169920.0,37SDB,S2B_T37SDB_20200914T081238_L2A,S2B_T37SDB_20200924T081136_L2A
s2_00109,val,ceylanpinar,40.093491,36.728642,32637,596360.0 4064050.0 598920.0 4066610.0,37SEA,S2B_T37SEA_20230906T080553_L2A,S2B_T37SEA_20230916T080107_L2A
s2_00110,train,diyarbakir,40.13146,37.850019,32637,598260.0 4188500.0 600820.0 4191060.0,37SEB,S2B_T37SEB_20230731T081240_L2A,S2A_T37SEB_20230805T081222_L2A
s2_00111,train,siverek_viransehir,39.468239,37.539108,32637,540090.0 4153500.0 542650.0 4156060.0,37SEB,S2B_T37SEB_20240824T081408_L2A,S2A_T37SEB_20240829T081516_L2A
s2_00112,train,mardin_kiziltepe,40.417937,37.191228,32637,624570.0 4115750.0 627130.0 4118310.0,37SFB,S2A_T37SFB_20200711T081106_L2A,S2B_T37SFB_20200716T081121_L2A
s2_00113,val,amik_hatay,36.346715,36.40528,32636,798850.0 4032830.0 801410.0 4035390.0,36SYF,S2A_T36SYF_20230818T082902_L2A,S2B_T36SYF_20230823T082524_L2A
s2_00114,train,harran,38.973085,36.88383,32637,496320.0 4080710.0 498880.0 4083270.0,37SDA,S2A_T37SDA_20240730T081107_L2A,S2B_T37SDA_20240804T080922_L2A
s2_00115,train,pazarcik_maras,36.879213,37.51373,32637,311290.0 4152700.0 313850.0 4155260.0,37SCB,S2B_T37SCB_20190913T082417_L2A,S2B_T37SCB_20190923T081928_L2A
s2_00116,val,amik_hatay,36.372248,36.293075,32637,262740.0 4018380.0 265300.0 4020940.0,37SBA,S2B_T37SBA_20250921T082228_L2A,S2A_T37SBA_20250928T082857_L2A
s2_00117,train,siverek_viransehir,39.594535,37.544452,32637,551240.0 4154160.0 553800.0 4156720.0,37SEB,S2B_T37SEB_20250531T081630_L2A,S2C_T37SEB_20250605T080756_L2A
s2_00118,train,diyarbakir,40.57093,37.937304,32637,636770.0 4198740.0 639330.0 4201300.0,37SFC,S2C_T37SFC_20250625T081910_L2A,S2A_T37SFC_20250704T080726_L2A
s2_00119,train,mardin_kiziltepe,40.726439,36.990451,32637,652360.0 4093930.0 654920.0 4096490.0,37SFA,S2B_T37SFA_20200911T080226_L2A,S2A_T37SFA_20200916T080228_L2A
s2_00120,train,harran,38.721222,37.009169,32637,473920.0 4094650.0 476480.0 4097210.0,37SDA,S2B_T37SDA_20200924T081136_L2A,S2B_T37SDA_20201004T081240_L2A
s2_00121,train,diyarbakir,40.050541,37.810567,32637,591190.0 4184040.0 593750.0 4186600.0,37SEB,S2B_T37SEB_20200616T081731_L2A,S2A_T37SEB_20200621T081658_L2A
s2_00122,val,ceylanpinar,40.042592,36.936303,32637,591560.0 4087030.0 594120.0 4089590.0,37SEA,S2B_T37SEA_20230708T080228_L2A,S2A_T37SEA_20230713T080608_L2A
s2_00123,train,diyarbakir,40.52367,37.799675,32637,632860.0 4183400.0 635420.0 4185960.0,37SFB,S2B_T37SFB_20250918T081855_L2A,S2B_T37SFB_20250925T080020_L2A
s2_00124,train,adiyaman_kahta,38.69108,37.768668,32637,471510.0 4178910.0 474070.0 4181470.0,37SDB,S2A_T37SDB_20240730T081107_L2A,S2A_T37SDB_20240809T081710_L2A
s2_00125,train,adiyaman_kahta,38.489725,37.669077,32637,453720.0 4167940.0 456280.0 4170500.0,37SDB,S2B_T37SDB_20200507T080807_L2A,S2A_T37SDB_20200512T081107_L2A
s2_00126,train,cukurova_adana,35.563407,36.90116,32636,727120.0 4085700.0 729680.0 4088260.0,36SYF,S2B_T36SYF_20200513T083339_L2A,S2A_T36SYF_20200518T083508_L2A
s2_00127,train,adiyaman_kahta,38.672289,37.78593,32637,469860.0 4180830.0 472420.0 4183390.0,37SDB,S2A_T37SDB_20190528T081105_L2A,S2A_T37SDB_20190607T080937_L2A
s2_00128,train,adiyaman_kahta,38.445017,37.798794,32637,449860.0 4182360.0 452420.0 4184920.0,37SDB,S2A_T37SDB_20230917T081755_L2A,S2A_T37SDB_20230927T082250_L2A
s2_00129,train,adiyaman_kahta,38.528191,37.724202,32637,457140.0 4174040.0 459700.0 4176600.0,37SDB,S2B_T37SDB_20200706T080814_L2A,S2A_T37SDB_20200711T081106_L2A
s2_00130,train,suruc,38.552889,36.982608,32637,458930.0 4091760.0 461490.0 4094320.0,37SDB,S2B_T37SDB_20200606T080814_L2A,S2A_T37SDB_20200611T081109_L2A
s2_00131,train,adiyaman_kahta,38.632633,37.722421,32637,466340.0 4173800.0 468900.0 4176360.0,37SDB,S2B_T37SDB_20200706T080814_L2A,S2A_T37SDB_20200711T081106_L2A
s2_00132,train,adiyaman_kahta,38.471107,37.720412,32637,452110.0 4173650.0 454670.0 4176210.0,37SDB,S2A_T37SDB_20200919T081243_L2A,S2B_T37SDB_20200924T081136_L2A
s2_00133,val,ceylanpinar,39.880027,36.795577,32637,577230.0 4071280.0 579790.0 4073840.0,37SEA,S2A_T37SEA_20230713T080608_L2A,S2A_T37SEA_20230723T080227_L2A
s2_00134,val,amik_hatay,36.25226,36.2972,32637,251980.0 4019140.0 254540.0 4021700.0,37SBA,S2B_T37SBA_20230704T082253_L2A,S2A_T37SBA_20230709T082253_L2A
s2_00135,train,siverek_viransehir,39.613778,37.519214,32637,552960.0 4151370.0 555520.0 4153930.0,37SEB,S2B_T37SEB_20250819T081805_L2A,S2B_T37SEB_20250829T080834_L2A
s2_00136,train,diyarbakir,40.466826,37.995084,32637,627520.0 4205000.0 630080.0 4207560.0,37SFC,S2A_T37SFC_20200820T081651_L2A,S2A_T37SFC_20200830T081241_L2A
s2_00137,train,harran,39.196995,36.893779,32637,516270.0 4081830.0 518830.0 4084390.0,37SEA,S2B_T37SEA_20190920T081423_L2A,S2B_T37SEA_20190930T081001_L2A
s2_00138,train,mardin_kiziltepe,40.534485,37.096779,32637,635080.0 4105430.0 637640.0 4107990.0,37SFB,S2B_T37SFB_20250826T080847_L2A,S2C_T37SFB_20250903T080851_L2A
s2_00139,train,adiyaman_kahta,38.658147,37.842484,32637,468640.0 4187110.0 471200.0 4189670.0,37SDB,S2A_T37SDB_20230716T081240_L2A,S2B_T37SDB_20230721T081241_L2A
s2_00140,train,pazarcik_maras,37.185916,37.500311,32637,338370.0 4150640.0 340930.0 4153200.0,37SCB,S2A_T37SCB_20240911T082047_L2A,S2B_T37SCB_20240916T081808_L2A
s2_00141,train,diyarbakir,40.186804,37.970699,32637,602960.0 4201950.0 605520.0 4204510.0,37SFC,S2B_T37SFC_20200726T080832_L2A,S2A_T37SFC_20200731T081835_L2A
s2_00142,val,ceylanpinar,40.049632,36.856258,32637,592290.0 4078160.0 594850.0 4080720.0,37SEA,S2B_T37SEA_20240526T081235_L2A,S2A_T37SEA_20240531T081516_L2A
s2_00143,train,pazarcik_maras,37.199255,37.508429,32637,339560.0 4151520.0 342120.0 4154080.0,37SCB,S2B_T37SCB_20250901T082111_L2A,S2B_T37SCB_20250911T082043_L2A
s2_00144,train,diyarbakir,40.535253,38.01867,32637,633480.0 4207720.0 636040.0 4210280.0,37SFC,S2B_T37SFC_20230830T080827_L2A,S2A_T37SFC_20230904T081016_L2A
s2_00145,train,adiyaman_kahta,38.56568,37.708091,32637,460440.0 4172240.0 463000.0 4174800.0,37SDB,S2B_T37SDB_20230820T080823_L2A,S2B_T37SDB_20230830T080827_L2A
s2_00146,train,adiyaman_kahta,38.421708,37.82867,32637,447830.0 4185680.0 450390.0 4188240.0,37SDB,S2B_T37SDB_20200815T081240_L2A,S2A_T37SDB_20200823T082256_L2A
s2_00147,train,diyarbakir,40.372817,37.834235,32637,619520.0 4187030.0 622080.0 4189590.0,37SFB,S2C_T37SFB_20250712T080246_L2A,S2C_T37SFB_20250722T080344_L2A
s2_00148,val,ceylanpinar,40.24728,36.760399,32637,610050.0 4067740.0 612610.0 4070300.0,37SFA,S2B_T37SFA_20230919T081455_L2A,S2A_T37SFA_20230924T081240_L2A
s2_00149,train,suruc,38.465813,36.922887,32637,451140.0 4085170.0 453700.0 4087730.0,37SDA,S2B_T37SDA_20240705T081239_L2A,S2A_T37SDA_20240710T081552_L2A
s2_00150,val,ceylanpinar,39.985992,36.83507,32637,586640.0 4075750.0 589200.0 4078310.0,37SEA,S2B_T37SEA_20250826T080847_L2A,S2B_T37SEA_20250905T080743_L2A
s2_00151,val,amik_hatay,36.526965,36.288223,32637,276620.0 4017480.0 279180.0 4020040.0,37SBA,S2B_T37SBA_20230922T082716_L2A,S2B_T37SBA_20231002T082806_L2A
s2_00152,train,mardin_kiziltepe,40.853299,37.158727,32637,663280.0 4112810.0 665840.0 4115370.0,37SFB,S2C_T37SFB_20250821T080818_L2A,S2B_T37SFB_20250826T080847_L2A
s2_00153,val,amik_hatay,36.375303,36.382209,32637,263280.0 4028260.0 265840.0 4030820.0,37SBA,S2B_T37SBA_20190804T082330_L2A,S2A_T37SBA_20190809T081759_L2A
s2_00154,train,mardin_kiziltepe,40.627032,37.118453,32637,643270.0 4107970.0 645830.0 4110530.0,37SFB,S2B_T37SFB_20230628T080228_L2A,S2B_T37SFB_20230708T080228_L2A
s2_00155,val,ceylanpinar,40.175949,36.829363,32637,603590.0 4075310.0 606150.0 4077870.0,37SEA,S2B_T37SEA_20240920T075755_L2A,S2A_T37SEA_20240928T081237_L2A
s2_00156,train,diyarbakir,40.30948,37.922075,32637,613810.0 4196700.0 616370.0 4199260.0,37SFB,S2A_T37SFB_20190508T081533_L2A,S2A_T37SFB_20190518T081906_L2A
s2_00157,val,amik_hatay,36.353902,36.278948,32637,261050.0 4016860.0 263610.0 4019420.0,37SBA,S2C_T37SBA_20250718T082959_L2A,S2C_T37SBA_20250728T082914_L2A
s2_00158,train,diyarbakir,40.219409,37.864739,32637,605980.0 4190230.0 608540.0 4192790.0,37SEB,S2B_T37SEB_20190920T081423_L2A,S2B_T37SEB_20190927T080155_L2A
s2_00159,train,siverek_viransehir,39.27626,37.493374,32637,523140.0 4148360.0 525700.0 4150920.0,37SEB,S2C_T37SEB_20250903T080851_L2A,S2B_T37SEB_20250908T081715_L2A
s2_00160,train,diyarbakir,40.271424,37.892566,32637,610510.0 4193380.0 613070.0 4195940.0,37SFB,S2A_T37SFB_20240717T080221_L2A,S2B_T37SFB_20240722T080226_L2A
s2_00161,train,harran,38.967436,36.926017,32637,495820.0 4085390.0 498380.0 4087950.0,37SDA,S2B_T37SDA_20240526T081235_L2A,S2A_T37SDA_20240531T081516_L2A
s2_00162,train,diyarbakir,40.19925,37.996421,32637,604020.0 4204820.0 606580.0 4207380.0,37SFC,S2A_T37SFC_20230815T081400_L2A,S2B_T37SFC_20230820T080823_L2A
s2_00163,train,adiyaman_kahta,38.535562,37.792889,32637,457830.0 4181660.0 460390.0 4184220.0,37SDB,S2A_T37SDB_20250816T081600_L2A,S2A_T37SDB_20250826T081635_L2A
s2_00164,train,suruc,38.420855,36.893978,32637,447120.0 4081990.0 449680.0 4084550.0,37SDA,S2B_T37SDA_20190622T081729_L2A,S2B_T37SDA_20190702T081053_L2A
s2_00165,train,harran,39.189368,36.974283,32637,515570.0 4090760.0 518130.0 4093320.0,37SEB,S2A_T37SEB_20200711T081106_L2A,S2B_T37SEB_20200716T081121_L2A
s2_00166,train,suruc,38.301969,37.000076,32637,436610.0 4093830.0 439170.0 4096390.0,37SDA,S2A_T37SDA_20200909T081240_L2A,S2B_T37SDA_20200914T081238_L2A
s2_00167,train,adiyaman_kahta,38.564489,37.698238,32637,460330.0 4171140.0 462890.0 4173700.0,37SDB,S2A_T37SDB_20230706T081241_L2A,S2A_T37SDB_20230716T081240_L2A
s2_00168,val,ceylanpinar,40.156096,36.934333,32637,601680.0 4086930.0 604240.0 4089490.0,37SEA,S2B_T37SEA_20190930T081001_L2A,S2B_T37SEA_20191007T080433_L2A
s2_00169,train,suruc,38.395512,36.910037,32637,444870.0 4083780.0 447430.0 4086340.0,37SDA,S2A_T37SDA_20200909T081240_L2A,S2A_T37SDA_20200919T081243_L2A
s2_00170,train,pazarcik_maras,36.932682,37.300152,32637,315490.0 4128890.0 318050.0 4131450.0,37SCB,S2A_T37SCB_20250620T082602_L2A,S2C_T37SCB_20250628T082957_L2A
s2_00171,train,diyarbakir,40.539208,37.872935,32637,634100.0 4191550.0 636660.0 4194110.0,37SFB,S2B_T37SFB_20240602T080224_L2A,S2A_T37SFB_20240607T080029_L2A
s2_00172,val,ceylanpinar,40.139026,36.799374,32637,600330.0 4071940.0 602890.0 4074500.0,37SFA,S2A_T37SFA_20230606T081239_L2A,S2A_T37SFA_20230616T081830_L2A
s2_00173,train,harran,38.700802,37.082698,32637,472130.0 4102810.0 474690.0 4105370.0,37SDB,S2B_T37SDB_20200825T081242_L2A,S2A_T37SDB_20200830T081241_L2A
s2_00174,train,harran,38.935483,36.768313,32637,492960.0 4067890.0 495520.0 4070450.0,37SDA,S2B_T37SDA_20200706T080814_L2A,S2A_T37SDA_20200711T081106_L2A
s2_00175,train,harran,38.741259,36.870115,32637,475660.0 4079220.0 478220.0 4081780.0,37SDA,S2C_T37SDA_20250705T081945_L2A,S2B_T37SDA_20250710T081528_L2A
s2_00176,train,mardin_kiziltepe,40.491455,37.036686,32637,631360.0 4098700.0 633920.0 4101260.0,37SFB,S2A_T37SFB_20240531T081516_L2A,S2A_T37SFB_20240607T080029_L2A
s2_00177,train,harran,38.876525,36.809693,32637,487710.0 4072490.0 490270.0 4075050.0,37SDA,S2A_T37SDA_20230805T081222_L2A,S2A_T37SDA_20230815T081400_L2A
s2_00178,train,pazarcik_maras,37.008702,37.574872,32637,322880.0 4159230.0 325440.0 4161790.0,37SCB,S2B_T37SCB_20230803T082458_L2A,S2A_T37SCB_20230808T082759_L2A
s2_00179,train,harran,38.822183,36.928673,32637,482880.0 4085690.0 485440.0 4088250.0,37SDA,S2A_T37SDA_20190905T080606_L2A,S2A_T37SDA_20190915T080645_L2A
s2_00180,train,adiyaman_kahta,38.391623,37.836626,32637,445190.0 4186580.0 447750.0 4189140.0,37SDB,S2A_T37SDB_20200721T081831_L2A,S2A_T37SDB_20200731T081835_L2A
s2_00181,train,mardin_kiziltepe,40.471636,37.053914,32637,629570.0 4100590.0 632130.0 4103150.0,37SFB,S2A_T37SFB_20190508T081533_L2A,S2A_T37SFB_20190515T080148_L2A
s2_00182,train,adiyaman_kahta,38.713749,37.681159,32637,473480.0 4169200.0 476040.0 4171760.0,37SDB,S2B_T37SDB_20240903T081234_L2A,S2A_T37SDB_20240908T081155_L2A
s2_00183,val,ceylanpinar,39.743009,36.73853,32637,565060.0 4064840.0 567620.0 4067400.0,37SEA,S2B_T37SEA_20200825T081242_L2A,S2A_T37SEA_20200830T081241_L2A
s2_00184,train,adiyaman_kahta,38.327157,37.702382,32637,439410.0 4171730.0 441970.0 4174290.0,37SDB,S2B_T37SDB_20240715T081238_L2A,S2B_T37SDB_20240725T081238_L2A
s2_00185,val,amik_hatay,36.343429,36.204983,32636,799330.0 4010590.0 801890.0 4013150.0,36SYF,S2B_T36SYF_20200818T082854_L2A,S2A_T36SYF_20200823T082256_L2A
s2_00186,train,adiyaman_kahta,38.530666,37.72997,32637,457360.0 4174680.0 459920.0 4177240.0,37SDB,S2B_T37SDB_20230721T081241_L2A,S2A_T37SDB_20230726T081240_L2A
s2_00187,val,ceylanpinar,40.174761,36.74501,32637,603600.0 4065950.0 606160.0 4068510.0,37SFA,S2A_T37SFA_20230911T080612_L2A,S2A_T37SFA_20230921T075935_L2A
s2_00188,train,adiyaman_kahta,38.341792,37.82796,32637,440800.0 4185650.0 443360.0 4188210.0,37SDB,S2B_T37SDB_20240814T080920_L2A,S2B_T37SDB_20240824T081408_L2A
s2_00189,train,diyarbakir,40.288746,37.989822,32637,611890.0 4204190.0 614450.0 4206750.0,37SFC,S2B_T37SFC_20190619T075710_L2A,S2A_T37SFC_20190627T081353_L2A
s2_00190,val,ceylanpinar,40.229242,36.801828,32637,608380.0 4072310.0 610940.0 4074870.0,37SFA,S2B_T37SFA_20190910T081913_L2A,S2B_T37SFA_20190917T080223_L2A
s2_00191,train,pazarcik_maras,37.122312,37.521554,32637,332790.0 4153110.0 335350.0 4155670.0,37SCB,S2A_T37SCB_20190720T081850_L2A,S2A_T37SCB_20190730T082509_L2A
s2_00192,train,adiyaman_kahta,38.727207,37.755079,32637,474690.0 4177400.0 477250.0 4179960.0,37SDB,S2A_T37SDB_20230716T081240_L2A,S2A_T37SDB_20230726T081240_L2A
s2_00193,train,cukurova_adana,35.681865,36.923558,32637,203140.0 4090260.0 205700.0 4092820.0,37SBA,S2A_T37SBA_20200627T082607_L2A,S2A_T37SBA_20200704T081759_L2A
s2_00194,train,suruc,38.563531,36.991449,32637,459880.0 4092730.0 462440.0 4095290.0,37SDA,S2A_T37SDA_20240531T081516_L2A,S2B_T37SDA_20240605T081237_L2A
s2_00195,train,siverek_viransehir,39.249277,37.508925,32637,520750.0 4150080.0 523310.0 4152640.0,37SEB,S2B_T37SEB_20200616T081731_L2A,S2B_T37SEB_20200626T081930_L2A
s2_00196,val,ceylanpinar,39.813566,36.721783,32637,571370.0 4063040.0 573930.0 4065600.0,37SEA,S2A_T37SEA_20200916T080228_L2A,S2A_T37SEA_20200926T080229_L2A
s2_00197,train,diyarbakir,40.533919,37.863789,32637,633650.0 4190530.0 636210.0 4193090.0,37SFB,S2A_T37SFB_20250614T080722_L2A,S2A_T37SFB_20250624T080546_L2A
s2_00198,train,diyarbakir,40.204551,37.970711,32637,604520.0 4201970.0 607080.0 4204530.0,37SFC,S2B_T37SFC_20240913T081648_L2A,S2B_T37SFC_20240923T080834_L2A
s2_00199,train,suruc,38.328508,36.890192,32637,438890.0 4081620.0 441450.0 4084180.0,37SDA,S2B_T37SDA_20200815T081240_L2A,S2A_T37SDA_20200820T081651_L2A
s2_00200,val,amik_hatay,36.479139,36.328228,32637,272440.0 4022020.0 275000.0 4024580.0,37SBA,S2B_T37SBA_20190625T082241_L2A,S2B_T37SBA_20190705T082331_L2A
s2_00201,val,amik_hatay,36.48508,36.321724,32637,272960.0 4021290.0 275520.0 4023850.0,37SBA,S2A_T37SBA_20200704T081759_L2A,S2B_T37SBA_20200709T081951_L2A
s2_00202,train,suruc,38.52591,37.008661,32637,456540.0 4094660.0 459100.0 4097220.0,37SDB,S2B_T37SDB_20200527T081852_L2A,S2B_T37SDB_20200606T080814_L2A
s2_00203,train,harran,39.030035,36.978078,32637,501390.0 4091160.0 503950.0 4093720.0,37SEA,S2B_T37SEA_20200507T081939_L2A,S2A_T37SEA_20200512T081107_L2A
s2_00204,train,pazarcik_maras,36.871531,37.390285,32637,310300.0 4139020.0 312860.0 4141580.0,37SCB,S2B_T37SCB_20190804T082330_L2A,S2A_T37SCB_20190809T081759_L2A
s2_00205,train,harran,39.043113,37.065418,32637,502550.0 4100850.0 505110.0 4103410.0,37SDB,S2B_T37SDB_20230711T081822_L2A,S2A_T37SDB_20230716T081240_L2A
s2_00206,train,adiyaman_kahta,38.553111,37.695474,32637,459320.0 4170840.0 461880.0 4173400.0,37SDB,S2A_T37SDB_20250905T081601_L2A,S2A_T37SDB_20250915T081634_L2A
s2_00207,train,suruc,38.415523,36.952154,32637,446680.0 4088440.0 449240.0 4091000.0,37SDA,S2A_T37SDA_20230716T081240_L2A,S2A_T37SDA_20230726T081240_L2A
s2_00208,val,amik_hatay,36.423339,36.358641,32637,267520.0 4025530.0 270080.0 4028090.0,37SBA,S2B_T37SBA_20250703T082924_L2A,S2B_T37SBA_20250713T082020_L2A
s2_00209,train,mardin_kiziltepe,40.467462,37.042239,32637,629220.0 4099280.0 631780.0 4101840.0,37SFB,S2B_T37SFB_20240602T080224_L2A,S2A_T37SFB_20240607T080029_L2A
s2_00210,train,harran,38.828469,36.909462,32637,483440.0 4083560.0 486000.0 4086120.0,37SDA,S2A_T37SDA_20200929T081242_L2A,S2B_T37SDA_20201004T081240_L2A
s2_00211,train,mardin_kiziltepe,40.736265,37.134303,32637,652940.0 4109900.0 655500.0 4112460.0,37SFB,S2C_T37SFB_20250920T080124_L2A,S2B_T37SFB_20250928T080851_L2A
s2_00212,train,mardin_kiziltepe,40.951857,37.044773,32637,672300.0 4100340.0 674860.0 4102900.0,37SFB,S2A_T37SFB_20250525T080724_L2A,S2A_T37SFB_20250604T080548_L2A
s2_00213,train,harran,39.145366,36.821835,32637,511680.0 4073840.0 514240.0 4076400.0,37SEA,S2B_T37SEA_20240804T080922_L2A,S2A_T37SEA_20240809T081710_L2A
s2_00214,train,adiyaman_kahta,38.711244,37.768,32637,473290.0 4178830.0 475850.0 4181390.0,37SDB,S2B_T37SDB_20190503T081052_L2A,S2B_T37SDB_20190513T080937_L2A
s2_00215,train,suruc,38.445982,36.928351,32637,449380.0 4085790.0 451940.0 4088350.0,37SDA,S2C_T37SDA_20250625T081910_L2A,S2B_T37SDA_20250630T081824_L2A
s2_00216,train,siverek_viransehir,39.273349,37.369324,32637,522920.0 4134600.0 525480.0 4137160.0,37SEB,S2B_T37SEB_20190513T080937_L2A,S2A_T37SEB_20190518T081906_L2A
s2_00217,train,mardin_kiziltepe,40.633842,37.181735,32637,643750.0 4115000.0 646310.0 4117560.0,37SFB,S2B_T37SFB_20250521T081818_L2A,S2B_T37SFB_20250528T080847_L2A
s2_00218,val,ceylanpinar,39.838528,36.882369,32637,573440.0 4080870.0 576000.0 4083430.0,37SEA,S2A_T37SEA_20190528T081105_L2A,S2B_T37SEA_20190602T081055_L2A
s2_00219,train,pazarcik_maras,37.178158,37.57904,32637,337850.0 4159390.0 340410.0 4161950.0,37SCB,S2B_T37SCB_20240529T082855_L2A,S2B_T37SCB_20240608T082251_L2A
s2_00220,train,mardin_kiziltepe,40.448304,37.067556,32637,627470.0 4102070.0 630030.0 4104630.0,37SFB,S2A_T37SFB_20240531T081516_L2A,S2A_T37SFB_20240607T080029_L2A
s2_00221,train,siverek_viransehir,39.390631,37.5113,32637,533240.0 4150390.0 535800.0 4152950.0,37SEB,S2B_T37SEB_20240913T081648_L2A,S2B_T37SEB_20240923T080834_L2A
s3_00000,train,adiyaman_kahta,38.746037,37.764782,32637,476350.0 4178470.0 478910.0 4181030.0,37SDB,S2B_T37SDB_20190920T081423_L2A,S2B_T37SDB_20190930T081001_L2A
s3_00001,train,mardin_kiziltepe,40.415882,37.129415,32637,624490.0 4108890.0 627050.0 4111450.0,37SFB,S2A_T37SFB_20250528T081604_L2A,S2A_T37SFB_20250604T080548_L2A
s3_00002,val,amik_hatay,36.384057,36.310437,32636,802570.0 4022420.0 805130.0 4024980.0,36SYF,S2B_T36SYF_20250603T082548_L2A,S2C_T36SYF_20250608T082644_L2A
s3_00003,train,suruc,38.480455,36.914548,32637,452440.0 4084240.0 455000.0 4086800.0,37SDA,S2B_T37SDA_20230711T081822_L2A,S2B_T37SDA_20230721T081241_L2A
s3_00004,train,diyarbakir,40.581859,38.043499,32637,637530.0 4210540.0 640090.0 4213100.0,37SFC,S2A_T37SFC_20200618T080310_L2A,S2B_T37SFC_20200623T080005_L2A
s3_00005,train,diyarbakir,40.038033,37.930154,32637,589940.0 4197290.0 592500.0 4199850.0,37SEB,S2B_T37SEB_20190910T081913_L2A,S2B_T37SEB_20190920T081423_L2A
s3_00006,train,suruc,38.506399,36.895503,32637,454740.0 4082110.0 457300.0 4084670.0,37SDA,S2A_T37SDA_20200711T081106_L2A,S2A_T37SDA_20200721T081831_L2A
s3_00007,train,diyarbakir,40.377163,37.928263,32637,619750.0 4197470.0 622310.0 4200030.0,37SFC,S2B_T37SFC_20240602T080224_L2A,S2A_T37SFC_20240607T080029_L2A
s3_00008,val,ceylanpinar,40.208887,36.852178,32637,606490.0 4077880.0 609050.0 4080440.0,37SFA,S2B_T37SFA_20250727T080847_L2A,S2B_T37SFA_20250806T080452_L2A
s3_00009,val,amik_hatay,36.277428,36.321907,32636,792950.0 4023360.0 795510.0 4025920.0,36SYF,S2A_T36SYF_20200704T081759_L2A,S2B_T36SYF_20200709T081951_L2A
s3_00010,train,mardin_kiziltepe,40.689647,37.14834,32637,648770.0 4111380.0 651330.0 4113940.0,37SFB,S2B_T37SFB_20250915T080243_L2A,S2C_T37SFB_20250923T081607_L2A
s3_00011,train,harran,38.779386,36.945236,32637,479080.0 4087540.0 481640.0 4090100.0,37SDA,S2A_T37SDA_20230527T081239_L2A,S2B_T37SDA_20230601T080808_L2A
s3_00012,train,adiyaman_kahta,38.681911,37.738731,32637,470690.0 4175590.0 473250.0 4178150.0,37SDB,S2A_T37SDB_20230527T081239_L2A,S2B_T37SDB_20230601T080808_L2A
s3_00013,train,diyarbakir,40.590229,38.015101,32637,638310.0 4207400.0 640870.0 4209960.0,37SFC,S2A_T37SFC_20240531T081516_L2A,S2B_T37SFC_20240605T081237_L2A
s3_00014,val,ceylanpinar,40.102205,36.786199,32637,597070.0 4070440.0 599630.0 4073000.0,37SEA,S2A_T37SEA_20230603T080227_L2A,S2B_T37SEA_20230608T080228_L2A
s3_00015,train,adiyaman_kahta,38.609808,37.676828,32637,464310.0 4168750.0 466870.0 4171310.0,37SDB,S2B_T37SDB_20200706T080814_L2A,S2B_T37SDB_20200716T081121_L2A
s3_00016,train,pazarcik_maras,37.067532,37.53122,32637,327970.0 4154280.0 330530.0 4156840.0,37SCB,S2A_T37SCB_20240603T082744_L2A,S2A_T37SCB_20240613T082254_L2A
s3_00017,val,ceylanpinar,40.151873,36.770907,32637,601520.0 4068800.0 604080.0 4071360.0,37SFA,S2A_T37SFA_20240531T081516_L2A,S2A_T37SFA_20240607T080029_L2A
s3_00018,train,diyarbakir,40.429153,37.882576,32637,624400.0 4192470.0 626960.0 4195030.0,37SFC,S2A_T37SFC_20240521T081438_L2A,S2A_T37SFC_20240531T081516_L2A
s3_00019,train,siverek_viransehir,39.829652,37.478318,32637,572070.0 4146980.0 574630.0 4149540.0,37SEB,S2A_T37SEB_20250607T081637_L2A,S2A_T37SEB_20250617T081600_L2A
s3_00020,train,adiyaman_kahta,38.523262,37.754685,32637,456720.0 4177420.0 459280.0 4179980.0,37SDB,S2B_T37SDB_20201004T081240_L2A,S2A_T37SDB_20201009T081242_L2A
s3_00021,train,siverek_viransehir,39.213956,37.507883,32637,517630.0 4149960.0 520190.0 4152520.0,37SEB,S2A_T37SEB_20200611T081109_L2A,S2A_T37SEB_20200621T081658_L2A
s3_00022,train,harran,38.7397,37.067794,32637,475580.0 4101140.0 478140.0 4103700.0,37SDB,S2C_T37SDB_20250725T081906_L2A,S2C_T37SDB_20250804T081005_L2A
s3_00023,train,diyarbakir,40.579547,37.803113,32637,637770.0 4183870.0 640330.0 4186430.0,37SFB,S2B_T37SFB_20240516T081233_L2A,S2A_T37SFB_20240521T081438_L2A
s3_00024,val,ceylanpinar,39.704208,36.711287,32637,561610.0 4061800.0 564170.0 4064360.0,37SEA,S2A_T37SEA_20190727T081534_L2A,S2A_T37SEA_20190806T080939_L2A
s3_00025,train,pazarcik_maras,36.897239,37.554592,32637,312980.0 4157200.0 315540.0 4159760.0,37SCB,S2A_T37SCB_20250928T082857_L2A,S2C_T37SCB_20251006T082708_L2A
s3_00026,val,amik_hatay,36.506964,36.431646,32637,275240.0 4033430.0 277800.0 4035990.0,37SBA,S2B_T37SBA_20200729T081931_L2A,S2A_T37SBA_20200803T082535_L2A
s3_00027,train,diyarbakir,40.286943,37.764059,32637,612070.0 4179140.0 614630.0 4181700.0,37SFB,S2A_T37SFB_20200906T080228_L2A,S2A_T37SFB_20200916T080228_L2A
s3_00028,train,cukurova_adana,35.537561,36.817215,32636,725060.0 4076320.0 727620.0 4078880.0,36SYF,S2B_T36SYF_20250914T083807_L2A,S2C_T36SYF_20250919T082909_L2A
s3_00029,val,ceylanpinar,39.710003,36.825452,32637,562040.0 4074460.0 564600.0 4077020.0,37SEA,S2A_T37SEA_20190915T080645_L2A,S2B_T37SEA_20190920T081423_L2A
s3_00030,train,mardin_kiziltepe,40.580731,36.99336,32637,639380.0 4094020.0 641940.0 4096580.0,37SFA,S2B_T37SFA_20190629T080033_L2A,S2B_T37SFA_20190709T080413_L2A
s3_00031,train,suruc,38.571708,36.881023,32637,460550.0 4080480.0 463110.0 4083040.0,37SDA,S2B_T37SDA_20200616T081731_L2A,S2B_T37SDA_20200626T081930_L2A
s3_00032,train,adiyaman_kahta,38.709708,37.789697,32637,473160.0 4181240.0 475720.0 4183800.0,37SDB,S2B_T37SDB_20200716T081121_L2A,S2A_T37SDB_20200721T081831_L2A
s3_00033,train,mardin_kiziltepe,40.765035,36.98097,32637,655810.0 4092940.0 658370.0 4095500.0,37SFB,S2A_T37SFB_20230504T080223_L2A,S2A_T37SFB_20230514T080223_L2A
s3_00034,val,amik_hatay,36.311369,36.363641,32637,257490.0 4026360.0 260050.0 4028920.0,37SBA,S2A_T37SBA_20230818T082902_L2A,S2B_T37SBA_20230823T082524_L2A
s3_00035,train,suruc,38.331363,36.855333,32637,439110.0 4077750.0 441670.0 4080310.0,37SDA,S2A_T37SDA_20230825T081418_L2A,S2B_T37SDA_20230830T080827_L2A
s3_00036,train,harran,39.208183,36.860419,32637,517280.0 4078130.0 519840.0 4080690.0,37SEA,S2A_T37SEA_20240809T081710_L2A,S2A_T37SEA_20240819T081658_L2A
s3_00037,val,amik_hatay,36.433885,36.282387,32637,268250.0 4017050.0 270810.0 4019610.0,37SBA,S2A_T37SBA_20200704T081759_L2A,S2B_T37SBA_20200709T081951_L2A
s3_00038,val,ceylanpinar,39.756489,36.904612,32637,566110.0 4083280.0 568670.0 4085840.0,37SEA,S2B_T37SEA_20250908T081715_L2A,S2A_T37SEA_20250915T081634_L2A
s3_00039,val,ceylanpinar,40.031395,36.795283,32637,590740.0 4071380.0 593300.0 4073940.0,37SEA,S2B_T37SEA_20250806T080452_L2A,S2A_T37SEA_20250813T080720_L2A
s3_00040,train,siverek_viransehir,39.43621,37.727959,32637,537160.0 4174440.0 539720.0 4177000.0,37SEB,S2A_T37SEB_20230924T081240_L2A,S2B_T37SEB_20230929T081237_L2A
s3_00041,train,adiyaman_kahta,38.519128,37.786562,32637,456380.0 4180960.0 458940.0 4183520.0,37SDB,S2B_T37SDB_20190702T081053_L2A,S2A_T37SDB_20190707T080857_L2A
s3_00042,train,pazarcik_maras,36.850229,37.3773,32637,308380.0 4137620.0 310940.0 4140180.0,37SCB,S2C_T37SCB_20250718T082959_L2A,S2B_T37SCB_20250723T082250_L2A
s3_00043,train,siverek_viransehir,39.541979,37.590656,32637,546570.0 4159260.0 549130.0 4161820.0,37SEB,S2B_T37SEB_20200904T081239_L2A,S2B_T37SEB_20200914T081238_L2A
s3_00044,train,mardin_kiziltepe,40.65143,36.95414,32637,645750.0 4089780.0 648310.0 4092340.0,37SFA,S2A_T37SFA_20230921T075935_L2A,S2B_T37SFA_20230926T080023_L2A
s3_00045,val,amik_hatay,36.324957,36.33791,32637,258630.0 4023470.0 261190.0 4026030.0,37SBA,S2B_T37SBA_20190725T082353_L2A,S2B_T37SBA_20190804T082330_L2A
s3_00046,train,adiyaman_kahta,38.596605,37.747368,32637,463180.0 4176580.0 465740.0 4179140.0,37SDB,S2A_T37SDB_20240531T081516_L2A,S2B_T37SDB_20240605T081237_L2A
s3_00047,val,amik_hatay,36.457004,36.336532,32637,270480.0 4023000.0 273040.0 4025560.0,37SBA,S2B_T37SBA_20250623T082705_L2A,S2A_T37SBA_20250630T082621_L2A
s3_00048,train,harran,38.942428,36.915148,32637,493590.0 4084180.0 496150.0 4086740.0,37SDA,S2A_T37SDA_20200810T081940_L2A,S2A_T37SDA_20200820T081651_L2A
s3_00049,train,pazarcik_maras,37.138158,37.493369,32637,334130.0 4149950.0 336690.0 4152510.0,37SCB,S2B_T37SCB_20230922T082716_L2A,S2A_T37SCB_20230927T082250_L2A
s3_00050,train,suruc,38.314026,36.882463,32637,437590.0 4080770.0 440150.0 4083330.0,37SDA,S2B_T37SDA_20200914T081238_L2A,S2A_T37SDA_20200919T081243_L2A
s3_00051,train,pazarcik_maras,36.970061,37.550742,32637,319410.0 4156630.0 321970.0 4159190.0,37SCB,S2A_T37SCB_20250531T082620_L2A,S2A_T37SCB_20250610T082620_L2A
s3_00052,train,mardin_kiziltepe,40.940266,37.13532,32637,671060.0 4110370.0 673620.0 4112930.0,37SFB,S2B_T37SFB_20190719T080030_L2A,S2A_T37SFB_20190724T080349_L2A
s3_00053,train,pazarcik_maras,36.938773,37.545848,32637,316630.0 4156140.0 319190.0 4158700.0,37SCB,S2A_T37SCB_20190521T081859_L2A,S2A_T37SCB_20190531T081627_L2A
s3_00054,train,diyarbakir,40.587548,37.777153,32637,638530.0 4181000.0 641090.0 4183560.0,37SFB,S2A_T37SFB_20250707T081606_L2A,S2A_T37SFB_20250714T080550_L2A
s3_00055,train,harran,38.840672,36.868054,32637,484520.0 4078970.0 487080.0 4081530.0,37SDA,S2A_T37SDA_20200929T081242_L2A,S2B_T37SDA_20201004T081240_L2A
s3_00056,train,siverek_viransehir,39.232581,37.387767,32637,519310.0 4136640.0 521870.0 4139200.0,37SEB,S2A_T37SEB_20240720T081232_L2A,S2A_T37SEB_20240730T081107_L2A
s3_00057,train,suruc,38.534503,36.967989,32637,457280.0 4090140.0 459840.0 4092700.0,37SDA,S2C_T37SDA_20250923T081607_L2A,S2C_T37SDA_20251003T080849_L2A
s3_00058,val,amik_hatay,36.380722,36.200636,32637,263230.0 4008100.0 265790.0 4010660.0,37SBA,S2B_T37SBA_20231002T082806_L2A,S2A_T37SBA_20231007T082246_L2A
s3_00059,val,amik_hatay,36.460229,36.4375,32637,271070.0 4034190.0 273630.0 4036750.0,37SBA,S2C_T37SBA_20250618T082205_L2A,S2C_T37SBA_20250628T082957_L2A
s3_00060,train,mardin_kiziltepe,40.712699,36.975655,32637,651160.0 4092260.0 653720.0 4094820.0,37SFA,S2A_T37SFA_20200929T081242_L2A,S2B_T37SFA_20201004T081240_L2A
s3_00061,train,pazarcik_maras,36.940396,37.57057,32637,316830.0 4158880.0 319390.0 4161440.0,37SCB,S2B_T37SCB_20200709T081951_L2A,S2A_T37SCB_20200714T081911_L2A
s3_00062,train,diyarbakir,40.289283,37.937116,32637,612010.0 4198340.0 614570.0 4200900.0,37SFC,S2B_T37SFC_20240602T080224_L2A,S2A_T37SFC_20240607T080029_L2A
s3_00063,val,ceylanpinar,40.200725,36.810336,32637,605820.0 4073230.0 608380.0 4075790.0,37SFA,S2B_T37SFA_20190523T081154_L2A,S2A_T37SFA_20190528T081105_L2A
s3_00064,val,amik_hatay,36.428987,36.448698,32637,268300.0 4035510.0 270860.0 4038070.0,37SBA,S2B_T37SBA_20190824T082450_L2A,S2B_T37SBA_20190903T082355_L2A
s3_00065,train,cukurova_adana,35.780172,37.023248,32637,212280.0 4101020.0 214840.0 4103580.0,37SBB,S2B_T37SBB_20200510T082220_L2A,S2A_T37SBB_20200515T082314_L2A
s3_00066,train,harran,39.106092,37.084322,32637,508150.0 4102950.0 510710.0 4105510.0,37SEB,S2B_T37SEB_20190622T081729_L2A,S2B_T37SEB_20190702T081053_L2A
s3_00067,train,harran,38.911927,36.990544,32637,490880.0 4092550.0 493440.0 4095110.0,37SDA,S2B_T37SDA_20190811T081315_L2A,S2B_T37SDA_20190821T081049_L2A
s3_00068,val,amik_hatay,36.528279,36.212371,32637,276530.0 4009060.0 279090.0 4011620.0,37SBA,S2A_T37SBA_20250531T082620_L2A,S2C_T37SBA_20250608T082644_L2A
s3_00069,train,diyarbakir,40.010232,37.921822,32637,587510.0 4196340.0 590070.0 4198900.0,37SEC,S2B_T37SEC_20230919T081455_L2A,S2B_T37SEC_20230929T081237_L2A
s3_00070,train,diyarbakir,40.223476,37.850118,32637,606360.0 4188610.0 608920.0 4191170.0,37SFB,S2B_T37SFB_20230618T080227_L2A,S2A_T37SFB_20230626T081239_L2A
s3_00071,train,mardin_kiziltepe,40.997414,37.155498,32637,676090.0 4112710.0 678650.0 4115270.0,37SFB,S2A_T37SFB_20250714T080550_L2A,S2A_T37SFB_20250724T080727_L2A
s3_00072,val,ceylanpinar,40.229924,36.735183,32637,608530.0 4064920.0 611090.0 4067480.0,37SFA,S2A_T37SFA_20200906T080228_L2A,S2B_T37SFA_20200911T080226_L2A
s3_00073,train,diyarbakir,40.335788,37.967757,32637,616050.0 4201800.0 618610.0 4204360.0,37SFC,S2B_T37SFC_20190712T080818_L2A,S2A_T37SFC_20190717T081107_L2A
s3_00074,train,adiyaman_kahta,38.705647,37.725042,32637,472780.0 4174070.0 475340.0 4176630.0,37SDB,S2A_T37SDB_20240720T081232_L2A,S2A_T37SDB_20240730T081107_L2A
s3_00075,val,ceylanpinar,39.810984,36.85278,32637,571020.0 4077570.0 573580.0 4080130.0,37SEA,S2A_T37SEA_20230914T081138_L2A,S2B_T37SEA_20230919T081455_L2A
s3_00076,train,suruc,38.590546,36.871053,32637,462230.0 4079370.0 464790.0 4081930.0,37SDA,S2C_T37SDA_20250605T080756_L2A,S2B_T37SDA_20250610T081711_L2A
s3_00077,train,suruc,38.411535,36.867422,32637,446270.0 4079050.0 448830.0 4081610.0,37SDA,S2B_T37SDA_20230621T081239_L2A,S2B_T37SDA_20230701T081240_L2A
s3_00078,train,harran,39.295155,36.95287,32637,525000.0 4088400.0 527560.0 4090960.0,37SEA,S2B_T37SEA_20190612T080819_L2A,S2B_T37SEA_20190622T081729_L2A
s3_00079,train,suruc,38.519293,36.98609,32637,455940.0 4092160.0 458500.0 4094720.0,37SDB,S2A_T37SDB_20240829T081516_L2A,S2A_T37SDB_20240908T081155_L2A
s3_00080,train,pazarcik_maras,37.113832,37.577705,32637,332170.0 4159350.0 334730.0 4161910.0,37SCB,S2A_T37SCB_20230709T082253_L2A,S2A_T37SCB_20230719T082252_L2A
s3_00081,val,amik_hatay,36.269432,36.328283,32636,792210.0 4024040.0 794770.0 4026600.0,36SYF,S2A_T36SYF_20230818T082902_L2A,S2B_T36SYF_20230823T082524_L2A
s3_00082,val,amik_hatay,36.436337,36.427651,32637,268890.0 4033160.0 271450.0 4035720.0,37SBA,S2B_T37SBA_20200828T082254_L2A,S2B_T37SBA_20200907T081959_L2A
s3_00083,train,suruc,38.439375,36.862174,32637,448750.0 4078450.0 451310.0 4081010.0,37SDA,S2B_T37SDA_20200716T081121_L2A,S2A_T37SDA_20200721T081831_L2A
s3_00084,val,amik_hatay,36.269278,36.24283,32637,253330.0 4013060.0 255890.0 4015620.0,37SBA,S2B_T37SBA_20240529T082855_L2A,S2A_T37SBA_20240603T082744_L2A
s3_00085,train,siverek_viransehir,39.889119,37.433304,32637,577380.0 4142030.0 579940.0 4144590.0,37SEB,S2B_T37SEB_20230820T080823_L2A,S2B_T37SEB_20230830T080827_L2A
s3_00086,train,suruc,38.381769,36.980834,32637,443700.0 4091640.0 446260.0 4094200.0,37SDB,S2A_T37SDB_20240908T081155_L2A,S2B_T37SDB_20240913T081648_L2A
s3_00087,train,siverek_viransehir,39.730015,37.658079,32637,563110.0 4166850.0 565670.0 4169410.0,37SEB,S2B_T37SEB_20250531T081630_L2A,S2C_T37SEB_20250605T080756_L2A
s3_00088,train,harran,38.987711,37.085045,32637,497630.0 4103030.0 500190.0 4105590.0,37SDB,S2A_T37SDB_20240908T081155_L2A,S2B_T37SDB_20240913T081648_L2A
s3_00089,val,amik_hatay,36.298586,36.347748,32636,794750.0 4026290.0 797310.0 4028850.0,36SYF,S2A_T36SYF_20200813T082427_L2A,S2A_T36SYF_20200823T082256_L2A
s3_00090,train,adiyaman_kahta,38.412242,37.658636,32637,446880.0 4166820.0 449440.0 4169380.0,37SDB,S2A_T37SDB_20230527T081239_L2A,S2B_T37SDB_20230601T080808_L2A
s3_00091,train,pazarcik_maras,36.996132,37.549158,32637,321700.0 4156400.0 324260.0 4158960.0,37SCB,S2B_T37SCB_20190913T082417_L2A,S2B_T37SCB_20190923T081928_L2A
s3_00092,train,mardin_kiziltepe,40.606202,36.967787,32637,641700.0 4091220.0 644260.0 4093780.0,37SFA,S2A_T37SFA_20190912T075741_L2A,S2B_T37SFA_20190920T081423_L2A
s3_00093,train,harran,38.761653,36.842184,32637,477470.0 4076110.0 480030.0 4078670.0,37SDA,S2A_T37SDA_20230825T081418_L2A,S2A_T37SDA_20230904T081016_L2A
s3_00094,train,adiyaman_kahta,38.681804,37.745494,32637,470690.0 4176350.0 473250.0 4178910.0,37SDB,S2B_T37SDB_20190622T081729_L2A,S2A_T37SDB_20190627T081353_L2A
s3_00095,val,ceylanpinar,40.158225,36.746772,32637,602120.0 4066130.0 604680.0 4068690.0,37SEA,S2A_T37SEA_20230904T081016_L2A,S2A_T37SEA_20230914T081138_L2A
s3_00096,val,amik_hatay,36.329079,36.259918,32637,258760.0 4014810.0 261320.0 4017370.0,37SBA,S2B_T37SBA_20250713T082020_L2A,S2C_T37SBA_20250718T082959_L2A
s3_00097,train,diyarbakir,40.06899,37.772079,32637,592870.0 4179790.0 595430.0 4182350.0,37SEB,S2A_T37SEB_20250627T081637_L2A,S2A_T37SEB_20250707T081606_L2A
s3_00098,train,suruc,38.520604,36.903279,32637,456010.0 4082970.0 458570.0 4085530.0,37SDA,S2B_T37SDA_20250918T081855_L2A,S2C_T37SDA_20250923T081607_L2A
s3_00099,train,mardin_kiziltepe,40.780741,37.17735,32637,656800.0 4114750.0 659360.0 4117310.0,37SFB,S2A_T37SFB_20200721T081831_L2A,S2A_T37SFB_20200731T081835_L2A
s3_00100,train,adiyaman_kahta,38.383467,37.764954,32637,444420.0 4178640.0 446980.0 4181200.0,37SDB,S2A_T37SDB_20240603T082744_L2A,S2A_T37SDB_20240613T082254_L2A
s3_00101,train,harran,39.011011,36.770739,32637,499700.0 4068160.0 502260.0 4070720.0,37SDA,S2A_T37SDA_20190518T081906_L2A,S2A_T37SDA_20190528T081105_L2A
s3_00102,train,mardin_kiziltepe,40.520434,37.19845,32637,633650.0 4116690.0 636210.0 4119250.0,37SFB,S2A_T37SFB_20240925T080226_L2A,S2A_T37SFB_20241005T080223_L2A
s3_00103,train,diyarbakir,40.085132,37.75577,32637,594310.0 4177990.0 596870.0 4180550.0,37SEB,S2B_T37SEB_20230820T080823_L2A,S2B_T37SEB_20230830T080827_L2A
s3_00104,train,cukurova_adana,35.381906,36.807803,32636,711200.0 4074920.0 713760.0 4077480.0,36SYF,S2B_T36SYF_20250914T083807_L2A,S2C_T36SYF_20250919T082909_L2A
s3_00105,val,ceylanpinar,39.927534,36.827008,32637,581440.0 4074800.0 584000.0 4077360.0,37SEA,S2B_T37SEA_20250707T080226_L2A,S2A_T37SEA_20250717T081640_L2A
s3_00106,train,adiyaman_kahta,38.459955,37.701778,32637,451110.0 4171580.0 453670.0 4174140.0,37SDB,S2A_T37SDB_20230527T081239_L2A,S2B_T37SDB_20230601T080808_L2A
s3_00107,train,adiyaman_kahta,38.324627,37.726677,32637,439200.0 4174420.0 441760.0 4176980.0,37SDB,S2A_T37SDB_20230815T081400_L2A,S2B_T37SDB_20230820T080823_L2A
s3_00108,train,adiyaman_kahta,38.707591,37.741754,32637,472960.0 4175920.0 475520.0 4178480.0,37SDB,S2A_T37SDB_20200621T081658_L2A,S2A_T37SDB_20200701T081414_L2A
s3_00109,train,pazarcik_maras,36.893673,37.458393,32637,312430.0 4146530.0 314990.0 4149090.0,37SCB,S2A_T37SCB_20200624T082509_L2A,S2A_T37SCB_20200704T081759_L2A
s3_00110,train,harran,39.071546,36.860523,32637,505100.0 4078120.0 507660.0 4080680.0,37SDA,S2B_T37SDA_20240715T081238_L2A,S2A_T37SDA_20240720T081232_L2A
s3_00111,val,amik_hatay,36.319483,36.264102,32637,257910.0 4015300.0 260470.0 4017860.0,37SBA,S2B_T37SBA_20230714T082954_L2A,S2B_T37SBA_20230724T082253_L2A
s3_00112,train,suruc,38.562639,36.895207,32637,459750.0 4082060.0 462310.0 4084620.0,37SDA,S2B_T37SDA_20250531T081630_L2A,S2B_T37SDA_20250610T081711_L2A
s3_00113,val,amik_hatay,36.505628,36.368283,32637,274940.0 4026410.0 277500.0 4028970.0,37SBA,S2A_T37SBA_20190819T082341_L2A,S2B_T37SBA_20190824T082450_L2A
s3_00114,train,suruc,38.398997,36.911515,32637,445180.0 4083950.0 447740.0 4086510.0,37SDA,S2A_T37SDA_20240720T081232_L2A,S2B_T37SDA_20240725T081238_L2A
s3_00115,train,suruc,38.353515,36.852459,32637,441090.0 4077420.0 443650.0 4079980.0,37SDA,S2A_T37SDA_20200611T081109_L2A,S2A_T37SDA_20200621T081658_L2A
s3_00116,train,siverek_viransehir,39.85278,37.608164,32637,573990.0 4161400.0 576550.0 4163960.0,37SEB,S2B_T37SEB_20190801T081001_L2A,S2A_T37SEB_20190806T080939_L2A
s3_00117,train,pazarcik_maras,36.967182,37.458422,32637,318930.0 4146390.0 321490.0 4148950.0,37SCB,S2B_T37SCB_20240529T082855_L2A,S2B_T37SCB_20240608T082251_L2A
s3_00118,train,diyarbakir,40.277254,37.9902,32637,610880.0 4204220.0 613440.0 4206780.0,37SFC,S2A_T37SFC_20190624T080348_L2A,S2A_T37SFC_20190704T080540_L2A
s3_00119,train,adiyaman_kahta,38.547246,37.785144,32637,458850.0 4180790.0 461410.0 4183350.0,37SDB,S2A_T37SDB_20250915T081634_L2A,S2C_T37SDB_20250923T081607_L2A
s3_00120,train,harran,38.829657,36.86012,32637,483540.0 4078090.0 486100.0 4080650.0,37SDA,S2A_T37SDA_20240819T081658_L2A,S2A_T37SDA_20240829T081516_L2A
s3_00121,train,siverek_viransehir,39.482504,37.597178,32637,541310.0 4159950.0 543870.0 4162510.0,37SEB,S2C_T37SEB_20250804T081005_L2A,S2C_T37SEB_20250814T081928_L2A
s3_00122,train,cukurova_adana,35.355465,37.025738,32636,708250.0 4099040.0 710810.0 4101600.0,36SYG,S2B_T36SYG_20190608T083224_L2A,S2B_T36SYG_20190615T082515_L2A
s3_00123,train,adiyaman_kahta,38.722117,37.812165,32637,474260.0 4183730.0 476820.0 4186290.0,37SDB,S2A_T37SDB_20250528T081604_L2A,S2A_T37SDB_20250607T081637_L2A
s3_00124,val,amik_hatay,36.28296,36.223975,32637,254510.0 4010930.0 257070.0 4013490.0,37SBA,S2A_T37SBA_20240603T082744_L2A,S2A_T37SBA_20240613T082254_L2A
s3_00125,train,harran,39.190262,36.878653,32637,515680.0 4080150.0 518240.0 4082710.0,37SEA,S2A_T37SEA_20200731T081835_L2A,S2B_T37SEA_20200805T080906_L2A
s3_00126,train,diyarbakir,40.252094,38.038518,32637,608600.0 4209550.0 611160.0 4212110.0,37SFC,S2B_T37SFC_20240602T080224_L2A,S2A_T37SFC_20240607T080029_L2A
s3_00127,val,amik_hatay,36.381897,36.327724,32637,263710.0 4022200.0 266270.0 4024760.0,37SBA,S2A_T37SBA_20230719T082252_L2A,S2A_T37SBA_20230729T082253_L2A
s3_00128,train,diyarbakir,40.325305,37.94363,32637,615170.0 4199110.0 617730.0 4201670.0,37SFC,S2A_T37SFC_20190505T075613_L2A,S2B_T37SFC_20190510T080413_L2A
s3_00129,train,harran,39.106429,36.838898,32637,508210.0 4075730.0 510770.0 4078290.0,37SEA,S2A_T37SEA_20250816T081600_L2A,S2A_T37SEA_20250826T081635_L2A
s3_00130,train,mardin_kiziltepe,40.978458,37.103749,32637,674530.0 4106930.0 677090.0 4109490.0,37SFB,S2A_T37SFB_20190505T075613_L2A,S2A_T37SFB_20190515T080148_L2A
s3_00131,train,pazarcik_maras,36.971419,37.449578,32637,319280.0 4145400.0 321840.0 4147960.0,37SCB,S2A_T37SCB_20230927T082250_L2A,S2A_T37SCB_20231007T082246_L2A
s3_00132,train,mardin_kiziltepe,40.481833,37.119241,32637,630370.0 4107850.0 632930.0 4110410.0,37SFB,S2A_T37SFB_20230507T081235_L2A,S2A_T37SFB_20230514T080223_L2A
s3_00133,train,pazarcik_maras,37.022025,37.552651,32637,324000.0 4156740.0 326560.0 4159300.0,37SCB,S2B_T37SCB_20190516T082859_L2A,S2A_T37SCB_20190521T081859_L2A
s3_00134,train,mardin_kiziltepe,40.563381,37.156468,32637,637540.0 4112090.0 640100.0 4114650.0,37SFB,S2A_T37SFB_20240531T081516_L2A,S2A_T37SFB_20240607T080029_L2A
s3_00135,val,ceylanpinar,40.102281,36.757714,32637,597110.0 4067280.0 599670.0 4069840.0,37SEA,S2A_T37SEA_20240908T081155_L2A,S2A_T37SEA_20240915T075824_L2A
s3_00136,train,suruc,38.540349,36.880874,32637,457760.0 4080480.0 460320.0 4083040.0,37SDA,S2B_T37SDA_20190702T081053_L2A,S2A_T37SDA_20190707T080857_L2A
s3_00137,train,mardin_kiziltepe,40.742158,37.071024,32637,653590.0 4102890.0 656150.0 4105450.0,37SFB,S2B_T37SFB_20230718T080228_L2A,S2A_T37SFB_20230726T081240_L2A
s3_00138,train,harran,39.036682,36.991907,32637,501980.0 4092700.0 504540.0 4095260.0,37SDA,S2A_T37SDA_20230805T081222_L2A,S2A_T37SDA_20230815T081400_L2A
s3_00139,train,siverek_viransehir,39.285108,37.457804,32637,523930.0 4144420.0 526490.0 4146980.0,37SEB,S2B_T37SEB_20240824T081408_L2A,S2B_T37SEB_20240903T081234_L2A
s3_00140,val,amik_hatay,36.495924,36.258316,32637,273750.0 4014230.0 276310.0 4016790.0,37SBA,S2B_T37SBA_20200927T081901_L2A,S2B_T37SBA_20201007T082035_L2A
s3_00141,train,mardin_kiziltepe,40.49008,37.18192,32637,630990.0 4114810.0 633550.0 4117370.0,37SFB,S2B_T37SFB_20250528T080847_L2A,S2C_T37SFB_20250605T080756_L2A
s3_00142,train,adiyaman_kahta,38.562402,37.683933,32637,460140.0 4169560.0 462700.0 4172120.0,37SDB,S2B_T37SDB_20240804T080922_L2A,S2A_T37SDB_20240809T081710_L2A
s3_00143,train,diyarbakir,40.031982,37.931756,32637,589410.0 4197470.0 591970.0 4200030.0,37SEB,S2B_T37SEB_20230621T081239_L2A,S2A_T37SEB_20230626T081239_L2A
s3_00144,train,siverek_viransehir,39.629902,37.499365,32637,554400.0 4149180.0 556960.0 4151740.0,37SEB,S2B_T37SEB_20200527T081852_L2A,S2B_T37SEB_20200606T080814_L2A
s3_00145,train,mardin_kiziltepe,40.944894,36.958425,32637,671870.0 4090750.0 674430.0 4093310.0,37SFA,S2A_T37SFA_20230802T080228_L2A,S2A_T37SFA_20230812T080344_L2A
s3_00146,train,siverek_viransehir,39.606046,37.531784,32637,552270.0 4152760.0 554830.0 4155320.0,37SEB,S2B_T37SEB_20250521T081818_L2A,S2A_T37SEB_20250528T081604_L2A
s3_00147,val,ceylanpinar,39.923214,36.919831,32637,580950.0 4085100.0 583510.0 4087660.0,37SEA,S2B_T37SEA_20190702T081053_L2A,S2B_T37SEA_20190709T080413_L2A
s3_00148,train,siverek_viransehir,39.292893,37.471599,32637,524620.0 4145950.0 527180.0 4148510.0,37SEB,S2B_T37SEB_20240824T081408_L2A,S2A_T37SEB_20240829T081516_L2A
s3_00149,val,ceylanpinar,39.937495,36.935459,32637,582210.0 4086840.0 584770.0 4089400.0,37SEA,S2B_T37SEA_20200616T081731_L2A,S2B_T37SEA_20200626T081930_L2A
s3_00150,train,diyarbakir,40.251394,38.004114,32637,608590.0 4205730.0 611150.0 4208290.0,37SFC,S2B_T37SFC_20230718T080228_L2A,S2A_T37SFC_20230723T080227_L2A
s3_00151,train,suruc,38.593845,37.003921,32637,462580.0 4094100.0 465140.0 4096660.0,37SDA,S2A_T37SDA_20240630T081901_L2A,S2A_T37SDA_20240710T081552_L2A
s3_00152,train,adiyaman_kahta,38.72007,37.811455,32637,474080.0 4183650.0 476640.0 4186210.0,37SDB,S2A_T37SDB_20200830T081241_L2A,S2B_T37SDB_20200904T081239_L2A
s3_00153,train,harran,39.016839,36.757009,32637,500220.0 4066640.0 502780.0 4069200.0,37SDA,S2B_T37SDA_20240824T081408_L2A,S2A_T37SDA_20240829T081516_L2A
s3_00154,train,mardin_kiziltepe,40.88655,37.148042,32637,666260.0 4111680.0 668820.0 4114240.0,37SFB,S2B_T37SFB_20240930T080633_L2A,S2A_T37SFB_20241005T080223_L2A
s3_00155,train,pazarcik_maras,36.977219,37.454902,32637,319810.0 4145980.0 322370.0 4148540.0,37SCB,S2A_T37SCB_20240812T082759_L2A,S2A_T37SCB_20240822T082459_L2A
s3_00156,train,harran,39.217954,36.929615,32637,518130.0 4085810.0 520690.0 4088370.0,37SEA,S2B_T37SEA_20250730T080847_L2A,S2A_T37SEA_20250806T081636_L2A
s3_00157,train,cukurova_adana,35.549256,36.826771,32636,726080.0 4077410.0 728640.0 4079970.0,36SYF,S2A_T36SYF_20240603T082744_L2A,S2B_T36SYF_20240608T082251_L2A
s3_00158,train,harran,38.801501,36.800925,32637,481010.0 4071530.0 483570.0 4074090.0,37SDA,S2A_T37SDA_20230527T081239_L2A,S2A_T37SDA_20230606T081239_L2A
s3_00159,train,adiyaman_kahta,38.647848,37.712323,32637,467680.0 4172680.0 470240.0 4175240.0,37SDB,S2B_T37SDB_20200825T081242_L2A,S2B_T37SDB_20200904T081239_L2A
s3_00160,train,cukurova_adana,35.595494,36.983729,32636,729730.0 4094940.0 732290.0 4097500.0,36SYG,S2B_T36SYG_20250921T082228_L2A,S2A_T36SYG_20251001T083630_L2A
s3_00161,train,adiyaman_kahta,38.662412,37.657555,32637,468940.0 4166590.0 471500.0 4169150.0,37SDB,S2B_T37SDB_20230820T080823_L2A,S2B_T37SDB_20230830T080827_L2A
s3_00162,train,diyarbakir,40.045612,37.83218,32637,590730.0 4186430.0 593290.0 4188990.0,37SEB,S2A_T37SEB_20230805T081222_L2A,S2A_T37SEB_20230815T081400_L2A
s3_00163,train,mardin_kiziltepe,40.486201,37.018771,32637,630930.0 4096710.0 633490.0 4099270.0,37SFB,S2A_T37SFB_20200909T081240_L2A,S2A_T37SFB_20200916T080228_L2A
s3_00164,train,pazarcik_maras,37.093806,37.555163,32637,330350.0 4156890.0 332910.0 4159450.0,37SCB,S2B_T37SCB_20200927T081901_L2A,S2B_T37SCB_20201007T082035_L2A
s3_00165,train,adiyaman_kahta,38.700346,37.686453,32637,472300.0 4169790.0 474860.0 4172350.0,37SDB,S2A_T37SDB_20250816T081600_L2A,S2A_T37SDB_20250826T081635_L2A
s3_00166,train,diyarbakir,40.29837,38.011593,32637,612700.0 4206620.0 615260.0 4209180.0,37SFC,S2A_T37SFC_20200718T080349_L2A,S2B_T37SFC_20200726T080832_L2A
s3_00167,train,diyarbakir,40.381681,38.012941,32637,620010.0 4206870.0 622570.0 4209430.0,37SFC,S2B_T37SFC_20240801T080223_L2A,S2B_T37SFC_20240811T080043_L2A
s3_00168,train,diyarbakir,40.338412,38.043157,32637,616160.0 4210170.0 618720.0 4212730.0,37SFC,S2B_T37SFC_20200613T080027_L2A,S2B_T37SFC_20200623T080005_L2A
s3_00169,train,suruc,38.564628,36.991548,32637,459980.0 4092740.0 462540.0 4095300.0,37SDB,S2B_T37SDB_20190612T080819_L2A,S2A_T37SDB_20190617T081102_L2A
s3_00170,val,ceylanpinar,40.182654,36.903561,32637,604080.0 4083550.0 606640.0 4086110.0,37SEA,S2A_T37SEA_20250816T081600_L2A,S2C_T37SEA_20250824T080915_L2A
s3_00171,train,harran,39.210584,37.022701,32637,517450.0 4096130.0 520010.0 4098690.0,37SEB,S2A_T37SEB_20230726T081240_L2A,S2B_T37SEB_20230731T081240_L2A
s3_00172,train,adiyaman_kahta,38.38973,37.768204,32637,444970.0 4178990.0 447530.0 4181550.0,37SDB,S2B_T37SDB_20190811T081315_L2A,S2B_T37SDB_20190821T081049_L2A
s3_00173,train,mardin_kiziltepe,40.955815,37.129579,32637,672450.0 4109760.0 675010.0 4112320.0,37SFB,S2A_T37SFB_20200529T080943_L2A,S2A_T37SFB_20200608T080252_L2A
s3_00174,train,adiyaman_kahta,38.607156,37.809963,32637,464140.0 4183520.0 466700.0 4186080.0,37SDB,S2B_T37SDB_20240605T081237_L2A,S2A_T37SDB_20240610T081009_L2A
s3_00175,train,adiyaman_kahta,38.365941,37.79667,32637,442900.0 4182160.0 445460.0 4184720.0,37SDB,S2A_T37SDB_20240720T081232_L2A,S2B_T37SDB_20240728T082249_L2A
s3_00176,train,pazarcik_maras,37.108056,37.50889,32637,331500.0 4151730.0 334060.0 4154290.0,37SCB,S2B_T37SCB_20240529T082855_L2A,S2B_T37SCB_20240608T082251_L2A
s3_00177,train,pazarcik_maras,36.870277,37.352207,32637,310090.0 4134790.0 312650.0 4137350.0,37SCB,S2B_T37SCB_20190903T082355_L2A,S2B_T37SCB_20190913T082417_L2A
s3_00178,train,pazarcik_maras,36.943148,37.431801,32637,316740.0 4143480.0 319300.0 4146040.0,37SCB,S2B_T37SCB_20190804T082330_L2A,S2A_T37SCB_20190809T081759_L2A
s3_00179,train,diyarbakir,40.294093,37.87888,32637,612530.0 4191890.0 615090.0 4194450.0,37SFC,S2B_T37SFC_20190622T081729_L2A,S2B_T37SFC_20190629T080033_L2A
s3_00180,train,diyarbakir,40.306264,37.998265,32637,613410.0 4205150.0 615970.0 4207710.0,37SFC,S2B_T37SFC_20190629T080033_L2A,S2A_T37SFC_20190704T080540_L2A
s3_00181,train,cukurova_adana,35.450903,36.926478,32636,717020.0 4088240.0 719580.0 4090800.0,36SYF,S2B_T36SYF_20200831T083723_L2A,S2A_T36SYF_20200905T083304_L2A
s3_00182,train,siverek_viransehir,39.723616,37.554469,32637,562630.0 4155350.0 565190.0 4157910.0,37SEB,S2A_T37SEB_20230726T081240_L2A,S2B_T37SEB_20230731T081240_L2A
s3_00183,train,mardin_kiziltepe,40.530761,37.092039,32637,634760.0 4104900.0 637320.0 4107460.0,37SFB,S2B_T37SFB_20190719T080030_L2A,S2A_T37SFB_20190727T081534_L2A
s3_00184,train,diyarbakir,40.374465,37.815243,32637,619700.0 4184930.0 622260.0 4187490.0,37SFB,S2B_T37SFB_20230711T081822_L2A,S2B_T37SFB_20230721T081241_L2A
s3_00185,train,pazarcik_maras,36.893881,37.398443,32637,312300.0 4139880.0 314860.0 4142440.0,37SCB,S2A_T37SCB_20230729T082253_L2A,S2A_T37SCB_20230808T082759_L2A
s3_00186,train,siverek_viransehir,39.392268,37.376648,32637,533450.0 4135450.0 536010.0 4138010.0,37SEB,S2B_T37SEB_20250610T081711_L2A,S2A_T37SEB_20250617T081600_L2A
s3_00187,train,pazarcik_maras,36.878825,37.336177,32637,310810.0 4133000.0 313370.0 4135560.0,37SCB,S2A_T37SCB_20230808T082759_L2A,S2B_T37SCB_20230813T082937_L2A
s3_00188,train,siverek_viransehir,39.381518,37.388492,32637,532490.0 4136760.0 535050.0 4139320.0,37SEB,S2A_T37SEB_20230716T081240_L2A,S2A_T37SEB_20230726T081240_L2A
s3_00189,val,amik_hatay,36.2954,36.325918,32636,794550.0 4023860.0 797110.0 4026420.0,36SYF,S2A_T36SYF_20200912T081817_L2A,S2B_T36SYF_20200917T082932_L2A
s3_00190,train,cukurova_adana,35.455278,37.019803,32636,717140.0 4098610.0 719700.0 4101170.0,36SYG,S2B_T36SYG_20200910T083443_L2A,S2A_T36SYG_20200915T083304_L2A
s3_00191,train,diyarbakir,40.530239,38.013137,32637,633050.0 4207100.0 635610.0 4209660.0,37SFC,S2B_T37SFC_20230628T080228_L2A,S2A_T37SFC_20230706T081241_L2A
s3_00192,train,adiyaman_kahta,38.417616,37.703698,32637,447380.0 4171820.0 449940.0 4174380.0,37SDB,S2B_T37SDB_20240814T080920_L2A,S2B_T37SDB_20240824T081408_L2A
s3_00193,train,harran,39.177174,36.865868,32637,514510.0 4078730.0 517070.0 4081290.0,37SEA,S2A_T37SEA_20240610T081009_L2A,S2B_T37SEA_20240615T081238_L2A
s3_00194,train,siverek_viransehir,39.791685,37.351549,32637,568840.0 4132890.0 571400.0 4135450.0,37SEB,S2B_T37SEB_20200616T081731_L2A,S2B_T37SEB_20200626T081930_L2A
s3_00195,train,suruc,38.3252,37.008749,32637,438690.0 4094780.0 441250.0 4097340.0,37SDA,S2A_T37SDA_20230706T081241_L2A,S2A_T37SDA_20230716T081240_L2A
s3_00196,train,suruc,38.362452,36.924009,32637,441940.0 4085350.0 444500.0 4087910.0,37SDA,S2B_T37SDA_20230909T080819_L2A,S2B_T37SDA_20230919T081455_L2A
s3_00197,train,siverek_viransehir,39.725425,37.493952,32637,562850.0 4148640.0 565410.0 4151200.0,37SEB,S2B_T37SEB_20200527T081852_L2A,S2B_T37SEB_20200606T080814_L2A
s3_00198,train,pazarcik_maras,37.193869,37.502005,32637,339070.0 4150820.0 341630.0 4153380.0,37SCB,S2A_T37SCB_20200515T082314_L2A,S2B_T37SCB_20200520T082634_L2A
s3_00199,train,harran,39.250683,36.757113,32637,521100.0 4066680.0 523660.0 4069240.0,37SEA,S2A_T37SEA_20200909T081240_L2A,S2B_T37SEA_20200914T081238_L2A
s3_00200,train,diyarbakir,40.541436,37.91006,32637,634220.0 4195680.0 636780.0 4198240.0,37SFC,S2B_T37SFC_20230701T081240_L2A,S2A_T37SFC_20230706T081241_L2A
s3_00201,train,mardin_kiziltepe,40.591193,37.154107,32637,640020.0 4111870.0 642580.0 4114430.0,37SFB,S2B_T37SFB_20250531T081630_L2A,S2B_T37SFB_20250607T080656_L2A
s3_00202,train,harran,38.866151,36.831659,32637,486780.0 4074930.0 489340.0 4077490.0,37SDA,S2B_T37SDA_20190831T081707_L2A,S2B_T37SDA_20190910T081913_L2A
s3_00203,train,pazarcik_maras,36.903412,37.449204,32637,313270.0 4145490.0 315830.0 4148050.0,37SCB,S2B_T37SCB_20250812T081809_L2A,S2B_T37SCB_20250822T082854_L2A
s3_00204,train,harran,39.173752,36.835352,32637,514210.0 4075340.0 516770.0 4077900.0,37SEA,S2A_T37SEA_20200611T081109_L2A,S2A_T37SEA_20200621T081658_L2A
s3_00205,train,siverek_viransehir,39.547102,37.395963,32637,547150.0 4137660.0 549710.0 4140220.0,37SEB,S2A_T37SEB_20190617T081102_L2A,S2A_T37SEB_20190627T081353_L2A
s3_00206,train,cukurova_adana,35.539506,37.037511,32636,724580.0 4100770.0 727140.0 4103330.0,36SYG,S2A_T36SYG_20190521T082941_L2A,S2B_T36SYG_20190529T083840_L2A
s3_00207,train,harran,39.090543,36.952574,32637,506780.0 4088340.0 509340.0 4090900.0,37SDA,S2A_T37SDA_20240908T081155_L2A,S2B_T37SDA_20240913T081648_L2A
s3_00208,train,mardin_kiziltepe,40.933655,37.144969,32637,670450.0 4111420.0 673010.0 4113980.0,37SFB,S2B_T37SFB_20250806T080452_L2A,S2A_T37SFB_20250813T080720_L2A
s3_00209,train,mardin_kiziltepe,40.807428,37.18455,32637,659160.0 4115600.0 661720.0 4118160.0,37SFB,S2B_T37SFB_20250816T080225_L2A,S2B_T37SFB_20250826T080847_L2A
s3_00210,train,mardin_kiziltepe,40.717273,36.963877,32637,651590.0 4090960.0 654150.0 4093520.0,37SFA,S2B_T37SFA_20190530T080326_L2A,S2B_T37SFA_20190609T075934_L2A
s3_00211,train,adiyaman_kahta,38.485865,37.753302,32637,453430.0 4177290.0 455990.0 4179850.0,37SDB,S2B_T37SDB_20250521T081818_L2A,S2A_T37SDB_20250528T081604_L2A
s3_00212,train,siverek_viransehir,39.862478,37.488636,32637,574970.0 4148150.0 577530.0 4150710.0,37SEB,S2B_T37SEB_20200805T080906_L2A,S2A_T37SEB_20200810T081158_L2A
s3_00213,train,adiyaman_kahta,38.571458,37.707888,32637,460950.0 4172210.0 463510.0 4174770.0,37SDB,S2C_T37SDB_20250705T081945_L2A,S2B_T37SDB_20250710T081528_L2A
s3_00214,val,amik_hatay,36.515723,36.255164,32637,275520.0 4013830.0 278080.0 4016390.0,37SBA,S2B_T37SBA_20190913T082417_L2A,S2A_T37SBA_20190918T082614_L2A
s3_00215,val,amik_hatay,36.389971,36.438496,32636,802600.0 4036650.0 805160.0 4039210.0,36SYF,S2B_T36SYF_20250514T082639_L2A,S2C_T36SYF_20250519T082110_L2A
s3_00216,train,diyarbakir,40.267464,37.83831,32637,610250.0 4187350.0 612810.0 4189910.0,37SFB,S2B_T37SFB_20230628T080228_L2A,S2B_T37SFB_20230708T080228_L2A
s3_00217,train,suruc,38.381739,36.888548,32637,443630.0 4081410.0 446190.0 4083970.0,37SDA,S2A_T37SDA_20190528T081105_L2A,S2B_T37SDA_20190602T081055_L2A
s3_00218,train,mardin_kiziltepe,40.938039,36.967232,32637,671240.0 4091710.0 673800.0 4094270.0,37SFB,S2A_T37SFB_20200628T080942_L2A,S2B_T37SFB_20200703T075951_L2A
s3_00219,train,diyarbakir,40.241379,37.831716,32637,607960.0 4186590.0 610520.0 4189150.0,37SFB,S2B_T37SFB_20190719T080030_L2A,S2A_T37SFB_20190724T080349_L2A
s3_00220,train,diyarbakir,40.352006,37.817828,32637,617720.0 4185180.0 620280.0 4187740.0,37SFB,S2B_T37SFB_20250717T075857_L2A,S2C_T37SFB_20250722T080344_L2A
s3_00221,val,ceylanpinar,40.249232,36.898178,32637,610020.0 4083030.0 612580.0 4085590.0,37SFA,S2B_T37SFA_20200805T080906_L2A,S2B_T37SFA_20200815T081240_L2A
s3_00222,train,diyarbakir,40.295523,37.841033,32637,612710.0 4187690.0 615270.0 4190250.0,37SFB,S2B_T37SFB_20200921T080225_L2A,S2A_T37SFB_20200926T080229_L2A
s3_00223,train,diyarbakir,40.446192,37.800806,32637,626040.0 4183420.0 628600.0 4185980.0,37SFB,S2A_T37SFB_20200929T081242_L2A,S2A_T37SFB_20201009T081242_L2A
s3_00224,val,ceylanpinar,40.212431,36.735625,32637,606970.0 4064950.0 609530.0 4067510.0,37SEA,S2A_T37SEA_20230822T080616_L2A,S2A_T37SEA_20230901T080717_L2A
s3_00225,train,mardin_kiziltepe,40.604755,37.028261,32637,641460.0 4097930.0 644020.0 4100490.0,37SFB,S2A_T37SFB_20230924T081240_L2A,S2B_T37SFB_20230929T081237_L2A
s3_00226,train,mardin_kiziltepe,40.71561,37.070544,32637,651230.0 4102790.0 653790.0 4105350.0,37SFB,S2B_T37SFB_20190719T080030_L2A,S2A_T37SFB_20190727T081534_L2A
s3_00227,val,ceylanpinar,40.003586,36.772938,32637,588280.0 4068870.0 590840.0 4071430.0,37SEA,S2A_T37SEA_20190826T081708_L2A,S2A_T37SEA_20190905T080606_L2A
s3_00228,train,adiyaman_kahta,38.31933,37.725688,32637,438740.0 4174320.0 441300.0 4176880.0,37SDB,S2B_T37SDB_20200706T080814_L2A,S2B_T37SDB_20200716T081121_L2A
s3_00229,train,diyarbakir,40.039972,38.043473,32637,589970.0 4209870.0 592530.0 4212430.0,37SEC,S2B_T37SEC_20190920T081423_L2A,S2B_T37SEC_20190930T081001_L2A
s3_00230,train,suruc,38.54067,36.927133,32637,457810.0 4085610.0 460370.0 4088170.0,37SDA,S2A_T37SDA_20190627T081353_L2A,S2A_T37SDA_20190707T080857_L2A
s3_00231,val,amik_hatay,36.410772,36.216367,32637,265970.0 4009780.0 268530.0 4012340.0,37SBA,S2B_T37SBA_20240906T082116_L2A,S2A_T37SBA_20240911T082047_L2A
s4_00000,train,pazarcik_maras,37.144253,37.595094,32637,334890.0 4161230.0 337450.0 4163790.0,37SCB,S2A_T37SCB_20240723T082351_L2A,S2A_T37SCB_20240802T082131_L2A
s4_00001,val,ceylanpinar,40.224549,36.723713,32637,608070.0 4063640.0 610630.0 4066200.0,37SFA,S2B_T37SFA_20190530T080326_L2A,S2A_T37SFA_20190604T080809_L2A
s4_00002,train,siverek_viransehir,39.542758,37.358786,32637,546780.0 4133530.0 549340.0 4136090.0,37SEB,S2A_T37SEB_20230527T081239_L2A,S2B_T37SEB_20230601T080808_L2A
s4_00003,train,adiyaman_kahta,38.695641,37.71507,32637,471890.0 4172970.0 474450.0 4175530.0,37SDB,S2B_T37SDB_20200507T080807_L2A,S2A_T37SDB_20200512T081107_L2A
s4_00004,train,cukurova_adana,35.750045,36.884144,32636,743810.0 4084270.0 746370.0 4086830.0,36SYF,S2B_T36SYF_20230714T081717_L2A,S2A_T36SYF_20230719T082252_L2A
s4_00005,train,suruc,38.582743,36.904285,32637,461550.0 4083060.0 464110.0 4085620.0,37SDA,S2B_T37SDA_20250730T080847_L2A,S2A_T37SDA_20250806T081636_L2A
s4_00006,val,ceylanpinar,39.723037,36.829553,32637,563200.0 4074930.0 565760.0 4077490.0,37SEA,S2A_T37SEA_20200909T081240_L2A,S2B_T37SEA_20200914T081238_L2A
s4_00007,val,ceylanpinar,39.766714,36.808013,32637,567110.0 4072570.0 569670.0 4075130.0,37SEA,S2A_T37SEA_20240620T081529_L2A,S2B_T37SEA_20240625T081238_L2A
s4_00008,train,suruc,38.343133,36.931389,32637,440220.0 4086180.0 442780.0 4088740.0,37SDA,S2A_T37SDA_20200810T081940_L2A,S2A_T37SDA_20200820T081651_L2A
s4_00009,val,amik_hatay,36.470689,36.318207,32637,271660.0 4020930.0 274220.0 4023490.0,37SBA,S2A_T37SBA_20190630T082343_L2A,S2B_T37SBA_20190705T082331_L2A
s4_00010,train,suruc,38.30422,36.952524,32637,436770.0 4088550.0 439330.0 4091110.0,37SDA,S2C_T37SDA_20250824T080915_L2A,S2B_T37SDA_20250829T080834_L2A
s4_00011,train,diyarbakir,40.207074,38.017085,32637,604680.0 4207120.0 607240.0 4209680.0,37SFC,S2A_T37SFC_20240925T080226_L2A,S2B_T37SFC_20241003T081746_L2A
s4_00012,train,harran,38.958693,36.885248,32637,495040.0 4080860.0 497600.0 4083420.0,37SDA,S2B_T37SDA_20230601T080808_L2A,S2B_T37SDA_20230611T081240_L2A
s4_00013,train,harran,38.796526,36.852235,32637,480580.0 4077220.0 483140.0 4079780.0,37SDA,S2A_T37SDA_20240829T081516_L2A,S2B_T37SDA_20240903T081234_L2A
s4_00014,train,diyarbakir,40.21294,38.043003,32637,605150.0 4210000.0 607710.0 4212560.0,37SFC,S2A_T37SFC_20190717T081107_L2A,S2B_T37SFC_20190722T081643_L2A
s4_00015,train,mardin_kiziltepe,40.645632,37.0838,32637,644990.0 4104160.0 647550.0 4106720.0,37SFB,S2B_T37SFB_20240622T080225_L2A,S2A_T37SFB_20240630T081901_L2A
s4_00016,val,ceylanpinar,40.268965,36.807419,32637,611910.0 4072980.0 614470.0 4075540.0,37SFA,S2A_T37SFA_20240531T081516_L2A,S2A_T37SFA_20240607T080029_L2A
s4_00017,val,ceylanpinar,40.124823,36.863646,32637,598980.0 4079060.0 601540.0 4081620.0,37SEA,S2B_T37SEA_20230807T080228_L2A,S2A_T37SEA_20230815T081400_L2A
s4_00018,train,adiyaman_kahta,38.353645,37.685008,32637,441730.0 4169780.0 444290.0 4172340.0,37SDB,S2C_T37SDB_20250814T081928_L2A,S2A_T37SDB_20250819T082335_L2A
s4_00019,train,suruc,38.445926,36.942439,32637,449380.0 4087350.0 451940.0 4089910.0,37SDA,S2B_T37SDA_20230820T080823_L2A,S2B_T37SDA_20230830T080827_L2A
s4_00020,train,harran,38.7008,37.073469,32637,472120.0 4101780.0 474680.0 4104340.0,37SDB,S2A_T37SDB_20230924T081240_L2A,S2B_T37SDB_20230929T081237_L2A
s4_00021,val,amik_hatay,36.293746,36.424135,32637,256100.0 4033120.0 258660.0 4035680.0,37SBA,S2A_T37SBA_20230818T082902_L2A,S2B_T37SBA_20230823T082524_L2A
s4_00022,train,mardin_kiziltepe,40.426665,37.167315,32637,625380.0 4113110.0 627940.0 4115670.0,37SFB,S2B_T37SFB_20200822T080227_L2A,S2A_T37SFB_20200830T081241_L2A
s4_00023,val,amik_hatay,36.364105,36.208202,32637,261750.0 4008980.0 264310.0 4011540.0,37SBA,S2C_T37SBA_20250817T082028_L2A,S2C_T37SBA_20250827T082955_L2A
s4_00024,train,adiyaman_kahta,38.5693,37.747755,32637,460780.0 4176640.0 463340.0 4179200.0,37SDB,S2A_T37SDB_20230527T081239_L2A,S2A_T37SDB_20230606T081239_L2A
s4_00025,val,amik_hatay,36.328124,36.249696,32637,258650.0 4013680.0 261210.0 4016240.0,37SBA,S2B_T37SBA_20240926T082717_L2A,S2B_T37SBA_20241006T082806_L2A
s4_00026,val,ceylanpinar,39.996507,36.786227,32637,587630.0 4070340.0 590190.0 4072900.0,37SEA,S2B_T37SEA_20200716T081121_L2A,S2B_T37SEA_20200726T080832_L2A
s4_00027,train,siverek_viransehir,39.725791,37.407244,32637,562950.0 4139020.0 565510.0 4141580.0,37SEB,S2A_T37SEB_20240531T081516_L2A,S2B_T37SEB_20240605T081237_L2A
s4_00028,train,siverek_viransehir,39.516106,37.588557,32637,544280.0 4159010.0 546840.0 4161570.0,37SEB,S2B_T37SEB_20190930T081001_L2A,S2B_T37SEB_20191010T081115_L2A
s4_00029,val,ceylanpinar,39.975201,36.835504,32637,585680.0 4075790.0 588240.0 4078350.0,37SEA,S2B_T37SEA_20200603T080844_L2A,S2B_T37SEA_20200613T080027_L2A
s4_00030,val,ceylanpinar,39.80399,36.854568,32637,570390.0 4077760.0 572950.0 4080320.0,37SEA,S2B_T37SEA_20240903T081234_L2A,S2B_T37SEA_20240913T081648_L2A
s4_00031,train,mardin_kiziltepe,40.963022,37.158858,32637,673030.0 4113020.0 675590.0 4115580.0,37SFB,S2C_T37SFB_20250722T080344_L2A,S2B_T37SFB_20250727T080847_L2A
s4_00032,train,harran,38.869887,36.94701,32637,487130.0 4087720.0 489690.0 4090280.0,37SDA,S2A_T37SDA_20240531T081516_L2A,S2B_T37SDA_20240605T081237_L2A
s4_00033,train,mardin_kiziltepe,40.68181,37.040871,32637,648290.0 4099450.0 650850.0 4102010.0,37SFB,S2A_T37SFB_20240531T081516_L2A,S2A_T37SFB_20240607T080029_L2A
s4_00034,train,siverek_viransehir,39.635336,37.516081,32637,554870.0 4151030.0 557430.0 4153590.0,37SEB,S2A_T37SEB_20190905T080606_L2A,S2A_T37SEB_20190915T080645_L2A
s4_00035,train,pazarcik_maras,37.071351,37.558511,32637,328370.0 4157300.0 330930.0 4159860.0,37SCB,S2A_T37SCB_20240911T082047_L2A,S2B_T37SCB_20240916T081808_L2A
s4_00036,val,ceylanpinar,39.755825,36.76485,32637,566180.0 4067770.0 568740.0 4070330.0,37SEA,S2B_T37SEA_20240526T081235_L2A,S2B_T37SEA_20240605T081237_L2A
s4_00037,val,amik_hatay,36.496356,36.310375,32637,273940.0 4020000.0 276500.0 4022560.0,37SBA,S2B_T37SBA_20230902T082245_L2A,S2A_T37SBA_20230907T082047_L2A
s4_00038,val,amik_hatay,36.517857,36.359303,32637,276010.0 4025380.0 278570.0 4027940.0,37SBA,S2B_T37SBA_20200629T082209_L2A,S2A_T37SBA_20200704T081759_L2A
s4_00039,train,adiyaman_kahta,38.359227,37.76077,32637,442280.0 4178190.0 444840.0 4180750.0,37SDB,S2C_T37SDB_20250625T081910_L2A,S2C_T37SDB_20250705T081945_L2A
s4_00040,train,suruc,38.515967,36.889911,32637,455590.0 4081490.0 458150.0 4084050.0,37SDA,S2B_T37SDA_20240824T081408_L2A,S2B_T37SDA_20240903T081234_L2A
s4_00041,train,diyarbakir,40.327419,37.989564,32637,615280.0 4204210.0 617840.0 4206770.0,37SFC,S2B_T37SFC_20190629T080033_L2A,S2A_T37SFC_20190707T080857_L2A
s4_00042,val,ceylanpinar,40.005371,36.804941,32637,588400.0 4072430.0 590960.0 4074990.0,37SEA,S2A_T37SEA_20240908T081155_L2A,S2A_T37SEA_20240915T075824_L2A
s4_00043,train,adiyaman_kahta,38.628188,37.81138,32637,465990.0 4183670.0 468550.0 4186230.0,37SDB,S2A_T37SDB_20230616T081830_L2A,S2A_T37SDB_20230626T081239_L2A
s4_00044,train,diyarbakir,40.217531,37.898625,32637,605760.0 4193990.0 608320.0 4196550.0,37SEC,S2A_T37SEC_20190607T080937_L2A,S2B_T37SEC_20190612T080819_L2A
s4_00045,train,cukurova_adana,35.471818,36.939057,32636,718850.0 4089690.0 721410.0 4092250.0,36SYF,S2A_T36SYF_20250603T083630_L2A,S2C_T36SYF_20250608T082644_L2A
s4_00046,val,ceylanpinar,39.781211,36.82897,32637,568390.0 4074900.0 570950.0 4077460.0,37SEA,S2A_T37SEA_20190617T081102_L2A,S2A_T37SEA_20190627T081353_L2A
s4_00047,train,adiyaman_kahta,38.407463,37.712666,32637,446490.0 4172820.0 449050.0 4175380.0,37SDB,S2A_T37SDB_20200512T081107_L2A,S2B_T37SDB_20200517T081608_L2A
s4_00048,train,harran,38.792833,36.933086,32637,480270.0 4086190.0 482830.0 4088750.0,37SDA,S2A_T37SDA_20230527T081239_L2A,S2B_T37SDA_20230601T080808_L2A
s4_00049,train,mardin_kiziltepe,40.725734,37.019734,32637,652240.0 4097170.0 654800.0 4099730.0,37SFA,S2C_T37SFA_20250602T080536_L2A,S2A_T37SFA_20250607T081637_L2A
s4_00050,val,amik_hatay,36.323038,36.398376,32636,796750.0 4031990.0 799310.0 4034550.0,36SYF,S2A_T36SYF_20190819T082341_L2A,S2B_T36SYF_20190824T082450_L2A
s4_00051,train,mardin_kiziltepe,40.878921,37.148092,32637,665580.0 4111670.0 668140.0 4114230.0,37SFB,S2A_T37SFB_20240925T080226_L2A,S2B_T37SFB_20240930T080633_L2A
s4_00052,train,harran,38.753967,36.830072,32637,476780.0 4074770.0 479340.0 4077330.0,37SDA,S2B_T37SDA_20190702T081053_L2A,S2A_T37SDA_20190707T080857_L2A
s4_00053,train,harran,39.193601,37.095021,32637,515920.0 4104150.0 518480.0 4106710.0,37SEB,S2A_T37SEB_20240908T081155_L2A,S2B_T37SEB_20240913T081648_L2A
s4_00054,train,harran,38.976573,36.934199,32637,496630.0 4086290.0 499190.0 4088850.0,37SDA,S2B_T37SDA_20190612T080819_L2A,S2A_T37SDA_20190617T081102_L2A
s4_00055,train,harran,38.862595,36.99457,32637,486490.0 4093000.0 489050.0 4095560.0,37SDA,S2B_T37SDA_20250531T081630_L2A,S2A_T37SDA_20250607T081637_L2A
s4_00056,train,harran,39.086969,36.801279,32637,506480.0 4071550.0 509040.0 4074110.0,37SDA,S2B_T37SDA_20190612T081952_L2A,S2A_T37SDA_20190617T081102_L2A
s4_00057,train,diyarbakir,40.261119,37.897126,32637,609600.0 4193870.0 612160.0 4196430.0,37SFB,S2A_T37SFB_20200621T081658_L2A,S2B_T37SFB_20200626T080757_L2A
s4_00058,train,adiyaman_kahta,38.637436,37.717674,32637,466770.0 4173270.0 469330.0 4175830.0,37SDB,S2B_T37SDB_20190612T080819_L2A,S2A_T37SDB_20190617T081102_L2A
s4_00059,train,mardin_kiziltepe,40.874271,37.049754,32637,665380.0 4100750.0 667940.0 4103310.0,37SFB,S2B_T37SFB_20200802T080426_L2A,S2A_T37SFB_20200807T080824_L2A
s4_00060,train,mardin_kiziltepe,40.749914,37.051808,32637,654320.0 4100770.0 656880.0 4103330.0,37SFB,S2B_T37SFB_20230916T080107_L2A,S2B_T37SFB_20230926T080023_L2A
s4_00061,train,suruc,38.381542,36.972903,32637,443670.0 4090770.0 446230.0 4093330.0,37SDB,S2A_T37SDB_20240630T081901_L2A,S2A_T37SDB_20240710T081552_L2A
s4_00062,train,harran,38.981915,37.019402,32637,497110.0 4095740.0 499670.0 4098300.0,37SDA,S2A_T37SDA_20190528T081105_L2A,S2B_T37SDA_20190602T081055_L2A
s4_00063,train,suruc,38.487562,36.903425,32637,453070.0 4083000.0 455630.0 4085560.0,37SDA,S2A_T37SDA_20190905T080606_L2A,S2A_T37SDA_20190915T080645_L2A
s4_00064,train,suruc,38.398388,36.942485,32637,445150.0 4087380.0 447710.0 4089940.0,37SDA,S2A_T37SDA_20190528T081105_L2A,S2B_T37SDA_20190602T081055_L2A
s4_00065,train,pazarcik_maras,37.131418,37.560247,32637,333680.0 4157390.0 336240.0 4159950.0,37SCB,S2B_T37SCB_20230803T082458_L2A,S2A_T37SCB_20230808T082759_L2A
s4_00066,train,mardin_kiziltepe,40.680197,37.121235,32637,647990.0 4108360.0 650550.0 4110920.0,37SFB,S2B_T37SFB_20190821T081049_L2A,S2A_T37SFB_20190826T081708_L2A
s4_00067,val,ceylanpinar,39.825459,36.753126,32637,572400.0 4066520.0 574960.0 4069080.0,37SEA,S2A_T37SEA_20200618T080310_L2A,S2A_T37SEA_20200628T080942_L2A
s4_00068,train,siverek_viransehir,39.592496,37.533756,32637,551070.0 4152970.0 553630.0 4155530.0,37SEB,S2A_T37SEB_20230805T081222_L2A,S2A_T37SEB_20230815T081400_L2A
s4_00069,train,pazarcik_maras,36.957382,37.449647,32637,318040.0 4145430.0 320600.0 4147990.0,37SCB,S2B_T37SCB_20190516T082859_L2A,S2A_T37SCB_20190521T081859_L2A
s4_00070,val,amik_hatay,36.513001,36.372002,32637,275610.0 4026800.0 278170.0 4029360.0,37SBA,S2B_T37SBA_20200629T082209_L2A,S2A_T37SBA_20200704T081759_L2A
s4_00071,train,harran,39.171232,37.061902,32637,513940.0 4100470.0 516500.0 4103030.0,37SEB,S2B_T37SEB_20190712T080818_L2A,S2B_T37SEB_20190722T081643_L2A
s4_00072,train,harran,39.121143,36.773342,32637,509530.0 4068460.0 512090.0 4071020.0,37SEA,S2B_T37SEA_20240814T080920_L2A,S2A_T37SEA_20240819T081658_L2A
s4_00073,train,harran,38.831914,37.05762,32637,483780.0 4100000.0 486340.0 4102560.0,37SDB,S2B_T37SDB_20200815T081240_L2A,S2A_T37SDB_20200820T081651_L2A
s4_00074,train,pazarcik_maras,36.97795,37.508633,32637,320000.0 4151940.0 322560.0 4154500.0,37SCB,S2B_T37SCB_20230624T082252_L2A,S2A_T37SCB_20230629T082154_L2A
s4_00075,val,amik_hatay,36.315465,36.317008,32637,257710.0 4021180.0 260270.0 4023740.0,37SBA,S2C_T37SBA_20250718T082959_L2A,S2C_T37SBA_20250728T082914_L2A
s4_00076,train,cukurova_adana,35.376459,36.969124,32636,710270.0 4092810.0 712830.0 4095370.0,36SYF,S2B_T36SYF_20190916T083039_L2A,S2B_T36SYF_20190923T081928_L2A
s4_00077,val,amik_hatay,36.431414,36.221116,32637,267840.0 4010250.0 270400.0 4012810.0,37SBA,S2B_T37SBA_20200629T082209_L2A,S2A_T37SBA_20200704T081759_L2A
s4_00078,train,mardin_kiziltepe,40.931106,36.974686,32637,670610.0 4092530.0 673170.0 4095090.0,37SFB,S2A_T37SFB_20230802T080228_L2A,S2A_T37SFB_20230812T080344_L2A
s4_00079,train,pazarcik_maras,37.154364,37.582223,32637,335760.0 4159780.0 338320.0 4162340.0,37SCB,S2B_T37SCB_20200927T081901_L2A,S2A_T37SCB_20201002T082254_L2A
s4_00080,train,diyarbakir,40.296823,37.815328,32637,612870.0 4184840.0 615430.0 4187400.0,37SFB,S2C_T37SFB_20250705T081945_L2A,S2A_T37SFB_20250714T080550_L2A
s4_00081,train,suruc,38.484744,36.919642,32637,452830.0 4084800.0 455390.0 4087360.0,37SDA,S2A_T37SDA_20200820T081651_L2A,S2B_T37SDA_20200825T081242_L2A
s4_00082,train,harran,38.724187,36.905809,32637,474150.0 4083180.0 476710.0 4085740.0,37SDA,S2A_T37SDA_20230527T081239_L2A,S2B_T37SDA_20230601T080808_L2A
s4_00083,train,cukurova_adana,35.421188,36.871402,32636,714530.0 4082060.0 717090.0 4084620.0,36SYF,S2A_T36SYF_20230719T082252_L2A,S2B_T36SYF_20230724T082253_L2A
s4_00084,train,harran,39.141969,36.838214,32637,511380.0 4075650.0 513940.0 4078210.0,37SEA,S2B_T37SEA_20190910T081913_L2A,S2B_T37SEA_20190920T081423_L2A
s4_00085,train,cukurova_adana,35.496285,36.99335,32636,720870.0 4095770.0 723430.0 4098330.0,36SYG,S2B_T36SYG_20230724T082253_L2A,S2B_T36SYG_20230803T082458_L2A
s4_00086,train,cukurova_adana,35.767912,36.89489,32637,210700.0 4086810.0 213260.0 4089370.0,37SBA,S2A_T37SBA_20250521T082558_L2A,S2A_T37SBA_20250531T082620_L2A
s4_00087,train,siverek_viransehir,39.56774,37.379313,32637,548980.0 4135820.0 551540.0 4138380.0,37SEB,S2A_T37SEB_20240928T081237_L2A,S2B_T37SEB_20241003T081746_L2A
s4_00088,val,ceylanpinar,40.136186,36.798092,32637,600080.0 4071800.0 602640.0 4074360.0,37SFA,S2B_T37SFA_20200514T080021_L2A,S2A_T37SFA_20200522T081832_L2A
s4_00089,train,cukurova_adana,35.463552,36.977074,32636,718000.0 4093890.0 720560.0 4096450.0,36SYF,S2B_T36SYF_20250703T082924_L2A,S2A_T36SYF_20250713T083633_L2A
s4_00090,train,cukurova_adana,35.715168,36.802616,32637,205650.0 4076730.0 208210.0 4079290.0,37SBA,S2A_T37SBA_20240603T082744_L2A,S2B_T37SBA_20240608T082251_L2A
s4_00091,train,mardin_kiziltepe,40.562492,37.066948,32637,637630.0 4102160.0 640190.0 4104720.0,37SFB,S2B_T37SFB_20240612T080747_L2A,S2A_T37SFB_20240620T081529_L2A
s4_00092,val,ceylanpinar,39.790658,36.927009,32637,569140.0 4085790.0 571700.0 4088350.0,37SEA,S2A_T37SEA_20250925T081603_L2A,S2C_T37SEA_20251003T080849_L2A
s4_00093,train,harran,39.199743,36.948388,32637,516500.0 4087890.0 519060.0 4090450.0,37SEA,S2A_T37SEA_20240928T081237_L2A,S2B_T37SEA_20241003T081746_L2A
s4_00094,val,ceylanpinar,39.965472,36.814747,32637,584830.0 4073480.0 587390.0 4076040.0,37SEA,S2B_T37SEA_20190702T081053_L2A,S2A_T37SEA_20190707T080857_L2A
s4_00095,train,mardin_kiziltepe,40.658016,36.995806,32637,646260.0 4094410.0 648820.0 4096970.0,37SFA,S2C_T37SFA_20250516T081252_L2A,S2B_T37SFA_20250521T081818_L2A
s4_00096,train,diyarbakir,40.382662,37.864529,32637,620340.0 4190410.0 622900.0 4192970.0,37SFB,S2A_T37SFB_20240707T080223_L2A,S2B_T37SFB_20240712T080225_L2A
s4_00097,train,diyarbakir,40.503473,37.862564,32637,630970.0 4190350.0 633530.0 4192910.0,37SFC,S2A_T37SFC_20200529T075615_L2A,S2A_T37SFC_20200608T080252_L2A
s4_00098,train,diyarbakir,40.313816,37.960249,32637,614130.0 4200940.0 616690.0 4203500.0,37SFC,S2C_T37SFC_20250821T080818_L2A,S2B_T37SFC_20250829T080834_L2A
s4_00099,train,pazarcik_maras,37.058694,37.516321,32637,327160.0 4152640.0 329720.0 4155200.0,37SCB,S2A_T37SCB_20190531T081627_L2A,S2B_T37SCB_20190605T082136_L2A
s4_00100,train,pazarcik_maras,36.965567,37.305097,32637,318420.0 4129380.0 320980.0 4131940.0,37SCB,S2A_T37SCB_20230907T082047_L2A,S2A_T37SCB_20230917T081755_L2A
s4_00101,train,harran,39.169716,37.074179,32637,513810.0 4101830.0 516370.0 4104390.0,37SEB,S2A_T37SEB_20240908T081155_L2A,S2A_T37SEB_20240918T081428_L2A
s4_00102,train,suruc,38.393137,36.852286,32637,444620.0 4077380.0 447180.0 4079940.0,37SDA,S2B_T37SDA_20230919T081455_L2A,S2B_T37SDA_20230929T081237_L2A
s4_00103,train,harran,39.078409,36.845334,32637,505710.0 4076440.0 508270.0 4079000.0,37SEA,S2B_T37SEA_20190622T081729_L2A,S2B_T37SEA_20190702T081053_L2A
s4_00104,val,amik_hatay,36.296055,36.250661,32637,255770.0 4013860.0 258330.0 4016420.0,37SBA,S2A_T37SBA_20200704T081759_L2A,S2B_T37SBA_20200709T081951_L2A
s4_00105,train,harran,38.760195,36.83761,32637,477340.0 4075600.0 479900.0 4078160.0,37SDA,S2B_T37SDA_20200924T081136_L2A,S2B_T37SDA_20201004T081240_L2A
s4_00106,val,amik_hatay,36.276849,36.217623,32637,253940.0 4010240.0 256500.0 4012800.0,37SBA,S2A_T37SBA_20190819T082341_L2A,S2A_T37SBA_20190829T082903_L2A
s4_00107,train,diyarbakir,40.369857,37.931696,32637,619100.0 4197840.0 621660.0 4200400.0,37SFC,S2B_T37SFC_20200914T081238_L2A,S2B_T37SFC_20200924T081136_L2A
s4_00108,train,adiyaman_kahta,38.470006,37.727368,32637,452020.0 4174420.0 454580.0 4176980.0,37SDB,S2B_T37SDB_20200527T081852_L2A,S2B_T37SDB_20200606T080814_L2A
s4_00109,val,amik_hatay,36.251645,36.427012,32637,252330.0 4033540.0 254890.0 4036100.0,37SBA,S2A_T37SBA_20250819T082335_L2A,S2A_T37SBA_20250829T082619_L2A
s4_00110,train,mardin_kiziltepe,40.836999,37.145209,32637,661870.0 4111280.0 664430.0 4113840.0,37SFB,S2A_T37SFB_20190724T080349_L2A,S2B_T37SFB_20190729T075950_L2A
s4_00111,train,suruc,38.546433,36.916924,32637,458320.0 4084470.0 460880.0 4087030.0,37SDA,S2A_T37SDA_20230726T081240_L2A,S2A_T37SDA_20230805T081222_L2A
s4_00112,train,suruc,38.301258,36.995033,32637,436540.0 4093270.0 439100.0 4095830.0,37SDA,S2A_T37SDA_20240720T081232_L2A,S2B_T37SDA_20240725T081238_L2A
s4_00113,train,suruc,38.384091,36.85719,32637,443820.0 4077930.0 446380.0 4080490.0,37SDA,S2B_T37SDA_20200706T081947_L2A,S2A_T37SDA_20200711T081106_L2A
s4_00114,train,mardin_kiziltepe,40.632201,37.181698,32637,643610.0 4115000.0 646170.0 4117560.0,37SFB,S2A_T37SFB_20190714T080149_L2A,S2B_T37SFB_20190719T080030_L2A
s4_00115,train,adiyaman_kahta,38.370603,37.794023,32637,443310.0 4181870.0 445870.0 4184430.0,37SDB,S2A_T37SDB_20200813T082427_L2A,S2A_T37SDB_20200820T081651_L2A
s4_00116,train,cukurova_adana,35.70427,36.822297,32636,739920.0 4077290.0 742480.0 4079850.0,36SYF,S2A_T36SYF_20200704T081759_L2A,S2B_T36SYF_20200709T081951_L2A
s4_00117,train,adiyaman_kahta,38.565031,37.737013,32637,460390.0 4175450.0 462950.0 4178010.0,37SDB,S2A_T37SDB_20190607T080937_L2A,S2B_T37SDB_20190612T080819_L2A
s4_00118,val,ceylanpinar,39.847584,36.700488,32637,574430.0 4060700.0 576990.0 4063260.0,37SEA,S2B_T37SEA_20190917T080223_L2A,S2B_T37SEA_20190927T080155_L2A
s4_00119,train,pazarcik_maras,36.886974,37.523141,32637,312000.0 4153730.0 314560.0 4156290.0,37SCB,S2B_T37SCB_20190804T082330_L2A,S2A_T37SCB_20190809T081759_L2A
s4_00120,train,harran,38.886838,36.809745,32637,488630.0 4072490.0 491190.0 4075050.0,37SDA,S2B_T37SDA_20250521T081818_L2A,S2B_T37SDA_20250531T081630_L2A
s4_00121,train,harran,39.157228,37.014592,32637,512710.0 4095220.0 515270.0 4097780.0,37SEB,S2B_T37SEB_20200507T081939_L2A,S2A_T37SEB_20200512T081107_L2A
s4_00122,val,ceylanpinar,39.83685,36.919947,32637,573260.0 4085040.0 575820.0 4087600.0,37SEA,S2B_T37SEA_20190622T081729_L2A,S2B_T37SEA_20190702T081053_L2A
s4_00123,val,ceylanpinar,40.098791,36.70063,32637,596870.0 4060950.0 599430.0 4063510.0,37SEA,S2B_T37SEA_20200507T081939_L2A,S2A_T37SEA_20200512T081107_L2A
s4_00124,train,suruc,38.353289,36.905725,32637,441110.0 4083330.0 443670.0 4085890.0,37SDA,S2A_T37SDA_20200830T081241_L2A,S2A_T37SDA_20200909T081240_L2A
s4_00125,train,diyarbakir,40.31473,37.9596,32637,614220.0 4200870.0 616780.0 4203430.0,37SFC,S2B_T37SFC_20200805T080906_L2A,S2A_T37SFC_20200810T081158_L2A
s4_00126,train,mardin_kiziltepe,40.891804,37.006813,32637,667040.0 4096020.0 669600.0 4098580.0,37SFB,S2B_T37SFB_20190510T080413_L2A,S2A_T37SFB_20190515T080148_L2A
s4_00127,train,adiyaman_kahta,38.734266,37.787601,32637,475320.0 4181000.0 477880.0 4183560.0,37SDB,S2A_T37SDB_20200909T081240_L2A,S2A_T37SDB_20200919T081243_L2A
s4_00128,val,amik_hatay,36.480658,36.414865,32637,272830.0 4031630.0 275390.0 4034190.0,37SBA,S2B_T37SBA_20230902T082245_L2A,S2A_T37SBA_20230907T082047_L2A
s4_00129,val,amik_hatay,36.437149,36.203565,32637,268310.0 4008290.0 270870.0 4010850.0,37SBA,S2B_T37SBA_20250713T082020_L2A,S2C_T37SBA_20250718T082959_L2A
s4_00130,train,suruc,38.426205,37.024411,32637,447680.0 4096450.0 450240.0 4099010.0,37SDB,S2A_T37SDB_20190806T080939_L2A,S2A_T37SDB_20190816T081333_L2A
s4_00131,train,adiyaman_kahta,38.662304,37.703976,32637,468950.0 4171750.0 471510.0 4174310.0,37SDB,S2A_T37SDB_20200711T081106_L2A,S2A_T37SDB_20200721T081831_L2A
s4_00132,train,mardin_kiziltepe,40.954963,37.118557,32637,672400.0 4108530.0 674960.0 4111090.0,37SFB,S2C_T37SFB_20250612T080243_L2A,S2C_T37SFB_20250622T080242_L2A
s4_00133,train,siverek_viransehir,39.424622,37.368137,32637,536320.0 4134520.0 538880.0 4137080.0,37SEB,S2B_T37SEB_20200606T080814_L2A,S2A_T37SEB_20200611T081109_L2A
s4_00134,train,siverek_viransehir,39.819915,37.365302,32637,571320.0 4134430.0 573880.0 4136990.0,37SEB,S2A_T37SEB_20190528T081105_L2A,S2B_T37SEB_20190602T081055_L2A
s4_00135,train,adiyaman_kahta,38.623767,37.838245,32637,465620.0 4186650.0 468180.0 4189210.0,37SDB,S2B_T37SDB_20200626T081930_L2A,S2A_T37SDB_20200701T081414_L2A
s4_00136,val,ceylanpinar,39.786556,36.820633,32637,568870.0 4073980.0 571430.0 4076540.0,37SEA,S2B_T37SEA_20250501T081819_L2A,S2C_T37SEA_20250506T081256_L2A
s4_00137,train,diyarbakir,40.396956,38.034909,32637,621310.0 4209330.0 623870.0 4211890.0,37SFC,S2A_T37SFC_20190714T080149_L2A,S2B_T37SFC_20190722T081643_L2A
s4_00138,train,cukurova_adana,35.422924,36.91171,32636,714570.0 4086540.0 717130.0 4089100.0,36SYF,S2B_T36SYF_20200513T083339_L2A,S2B_T36SYF_20200520T082634_L2A
s4_00139,train,adiyaman_kahta,38.605178,37.683427,32637,463910.0 4169480.0 466470.0 4172040.0,37SDB,S2C_T37SDB_20250923T081607_L2A,S2C_T37SDB_20251003T080849_L2A
s4_00140,val,amik_hatay,36.474672,36.417384,32637,272300.0 4031930.0 274860.0 4034490.0,37SBA,S2B_T37SBA_20200510T082220_L2A,S2A_T37SBA_20200515T082314_L2A
s4_00141,val,ceylanpinar,39.742539,36.737012,32637,565020.0 4064680.0 567580.0 4067240.0,37SEA,S2C_T37SEA_20250625T081910_L2A,S2B_T37SEA_20250630T081824_L2A
s4_00142,train,adiyaman_kahta,38.737883,37.833474,32637,475650.0 4186090.0 478210.0 4188650.0,37SDB,S2B_T37SDB_20230909T080819_L2A,S2B_T37SDB_20230919T081455_L2A
s4_00143,train,mardin_kiziltepe,40.795373,36.971412,32637,658530.0 4091930.0 661090.0 4094490.0,37SFA,S2A_T37SFA_20230901T080717_L2A,S2B_T37SFA_20230906T080553_L2A
s4_00144,val,ceylanpinar,40.117164,36.841602,32637,598330.0 4076600.0 600890.0 4079160.0,37SEA,S2A_T37SEA_20230914T081138_L2A,S2B_T37SEA_20230919T081455_L2A
s4_00145,val,amik_hatay,36.344835,36.294593,32636,799110.0 4020540.0 801670.0 4023100.0,36SYF,S2A_T36SYF_20200724T082516_L2A,S2B_T36SYF_20200729T081931_L2A
s4_00146,val,amik_hatay,36.516314,36.387505,32637,275950.0 4028520.0 278510.0 4031080.0,37SBA,S2A_T37SBA_20250908T082616_L2A,S2C_T37SBA_20250916T082525_L2A
s4_00147,train,adiyaman_kahta,38.724799,37.739903,32637,474470.0 4175710.0 477030.0 4178270.0,37SDB,S2A_T37SDB_20240610T081009_L2A,S2A_T37SDB_20240620T081529_L2A
s4_00148,val,amik_hatay,36.266009,36.231368,32637,253010.0 4011800.0 255570.0 4014360.0,37SBA,S2B_T37SBA_20190824T082450_L2A,S2B_T37SBA_20190903T082355_L2A
s4_00149,train,diyarbakir,40.216576,37.823049,32637,605790.0 4185600.0 608350.0 4188160.0,37SFB,S2B_T37SFB_20200914T081238_L2A,S2B_T37SFB_20200921T080225_L2A
s4_00150,train,mardin_kiziltepe,40.442849,36.982831,32637,627130.0 4092660.0 629690.0 4095220.0,37SFB,S2A_T37SFB_20190826T081708_L2A,S2B_T37SFB_20190831T081707_L2A
s4_00151,train,diyarbakir,40.39464,37.949977,32637,621250.0 4199900.0 623810.0 4202460.0,37SFC,S2B_T37SFC_20240804T080922_L2A,S2B_T37SFC_20240814T080920_L2A
s4_00152,train,adiyaman_kahta,38.437761,37.824084,32637,449240.0 4185170.0 451800.0 4187730.0,37SDB,S2B_T37SDB_20230909T080819_L2A,S2A_T37SDB_20230917T081755_L2A
s4_00153,train,adiyaman_kahta,38.730706,37.682782,32637,474980.0 4169370.0 477540.0 4171930.0,37SDB,S2B_T37SDB_20190503T081052_L2A,S2B_T37SDB_20190513T080937_L2A
s4_00154,val,amik_hatay,36.467518,36.391681,32637,271590.0 4029090.0 274150.0 4031650.0,37SBA,S2B_T37SBA_20190903T082355_L2A,S2B_T37SBA_20190913T082417_L2A
s4_00155,train,suruc,38.475164,36.929703,32637,451980.0 4085920.0 454540.0 4088480.0,37SDA,S2B_T37SDA_20200527T081852_L2A,S2B_T37SDA_20200606T080814_L2A
s4_00156,val,amik_hatay,36.352748,36.435749,32636,799280.0 4036230.0 801840.0 4038790.0,36SYF,S2A_T36SYF_20190918T082614_L2A,S2A_T36SYF_20190928T082121_L2A
s4_00157,train,cukurova_adana,35.6884,37.015161,32637,204080.0 4100400.0 206640.0 4102960.0,37SBB,S2B_T37SBB_20200910T083443_L2A,S2B_T37SBB_20200917T082932_L2A
s4_00158,train,adiyaman_kahta,38.547241,37.76056,32637,458840.0 4178070.0 461400.0 4180630.0,37SDB,S2B_T37SDB_20230701T081240_L2A,S2A_T37SDB_20230706T081241_L2A
s4_00159,train,harran,39.038281,36.936989,32637,502130.0 4086600.0 504690.0 4089160.0,37SEA,S2B_T37SEA_20240814T080920_L2A,S2B_T37SEA_20240824T081408_L2A
s4_00160,val,amik_hatay,36.316079,36.219871,32636,796810.0 4012160.0 799370.0 4014720.0,36SYF,S2A_T36SYF_20190819T082341_L2A,S2B_T36SYF_20190824T082450_L2A
s4_00161,train,harran,39.215207,36.978972,32637,517870.0 4091280.0 520430.0 4093840.0,37SEB,S2B_T37SEB_20190821T081049_L2A,S2B_T37SEB_20190831T081707_L2A
s4_00162,train,mardin_kiziltepe,40.695437,37.024633,32637,649530.0 4097670.0 652090.0 4100230.0,37SFB,S2B_T37SFB_20230817T075859_L2A,S2A_T37SFB_20230825T081418_L2A
s4_00163,train,adiyaman_kahta,38.318975,37.718746,32637,438700.0 4173550.0 441260.0 4176110.0,37SDB,S2B_T37SDB_20230721T081241_L2A,S2A_T37SDB_20230726T081240_L2A
s4_00164,train,mardin_kiziltepe,40.839174,37.038316,32637,662290.0 4099420.0 664850.0 4101980.0,37SFB,S2A_T37SFB_20200529T080943_L2A,S2A_T37SFB_20200608T080252_L2A
s4_00165,val,amik_hatay,36.385117,36.221839,32636,803010.0 4012590.0 805570.0 4015150.0,36SYF,S2A_T36SYF_20240603T082744_L2A,S2B_T36SYF_20240608T082251_L2A
s4_00166,train,siverek_viransehir,39.260038,37.412384,32637,521730.0 4139370.0 524290.0 4141930.0,37SEB,S2A_T37SEB_20250617T081600_L2A,S2A_T37SEB_20250627T081637_L2A
s4_00167,train,mardin_kiziltepe,40.4414,36.982529,32637,627000.0 4092630.0 629560.0 4095190.0,37SFB,S2A_T37SFB_20190515T080148_L2A,S2B_T37SFB_20190520T080019_L2A
s4_00168,train,adiyaman_kahta,38.610049,37.679882,32637,464330.0 4169090.0 466890.0 4171650.0,37SDB,S2A_T37SDB_20200621T081658_L2A,S2B_T37SDB_20200626T081930_L2A
s4_00169,val,ceylanpinar,39.9587,36.796134,32637,584250.0 4071410.0 586810.0 4073970.0,37SEA,S2B_T37SEA_20200527T081852_L2A,S2B_T37SEA_20200606T080814_L2A
s4_00170,train,diyarbakir,40.515059,37.759733,32637,632170.0 4178960.0 634730.0 4181520.0,37SFB,S2A_T37SFB_20200522T081832_L2A,S2B_T37SFB_20200527T081852_L2A
s4_00171,train,siverek_viransehir,39.424383,37.427446,32637,536270.0 4141100.0 538830.0 4143660.0,37SEB,S2A_T37SEB_20190826T081708_L2A,S2B_T37SEB_20190831T081707_L2A
s4_00172,train,suruc,38.386695,36.882755,32637,444070.0 4080760.0 446630.0 4083320.0,37SDA,S2B_T37SDA_20250531T081630_L2A,S2B_T37SDA_20250610T081711_L2A
s4_00173,train,siverek_viransehir,39.429254,37.481082,32637,536670.0 4147050.0 539230.0 4149610.0,37SEB,S2B_T37SEB_20240824T081408_L2A,S2B_T37SEB_20240903T081234_L2A
s4_00174,train,siverek_viransehir,39.528049,37.597418,32637,545330.0 4160000.0 547890.0 4162560.0,37SEB,S2B_T37SEB_20190722T081643_L2A,S2A_T37SEB_20190727T081534_L2A
s4_00175,train,suruc,38.451793,36.943464,32637,449910.0 4087460.0 452470.0 4090020.0,37SDA,S2A_T37SDA_20190806T080939_L2A,S2A_T37SDA_20190816T081333_L2A
s4_00176,train,harran,38.719214,37.031104,32637,473750.0 4097080.0 476310.0 4099640.0,37SDB,S2A_T37SDB_20230527T081239_L2A,S2B_T37SDB_20230601T080808_L2A
s4_00177,train,mardin_kiziltepe,40.616632,37.182408,32637,642220.0 4115050.0 644780.0 4117610.0,37SFB,S2A_T37SFB_20190717T081107_L2A,S2A_T37SFB_20190727T081534_L2A
s4_00178,train,pazarcik_maras,36.92371,37.54082,32637,315290.0 4155620.0 317850.0 4158180.0,37SCB,S2C_T37SCB_20250926T082539_L2A,S2C_T37SCB_20251006T082708_L2A
s4_00179,val,ceylanpinar,40.160928,36.808302,32637,602280.0 4072960.0 604840.0 4075520.0,37SFA,S2B_T37SFA_20240615T081238_L2A,S2B_T37SFA_20240622T080225_L2A
s4_00180,train,harran,38.784131,36.759084,32637,479450.0 4066890.0 482010.0 4069450.0,37SDA,S2B_T37SDA_20250928T080851_L2A,S2B_T37SDA_20251008T081559_L2A
s4_00181,val,ceylanpinar,40.131932,36.71533,32637,599810.0 4062610.0 602370.0 4065170.0,37SEA,S2B_T37SEA_20200726T080832_L2A,S2A_T37SEA_20200731T081835_L2A
s4_00182,val,amik_hatay,36.481854,36.39972,32637,272890.0 4029950.0 275450.0 4032510.0,37SBA,S2B_T37SBA_20190804T082330_L2A,S2A_T37SBA_20190809T081759_L2A
s4_00183,train,suruc,38.438589,36.864368,32637,448680.0 4078690.0 451240.0 4081250.0,37SDA,S2A_T37SDA_20240730T081107_L2A,S2A_T37SDA_20240809T081710_L2A
s4_00184,train,harran,39.217618,36.864631,32637,518120.0 4078600.0 520680.0 4081160.0,37SEA,S2A_T37SEA_20250925T081603_L2A,S2A_T37SEA_20251005T081603_L2A
s4_00185,train,mardin_kiziltepe,40.69046,36.962212,32637,649210.0 4090740.0 651770.0 4093300.0,37SFA,S2B_T37SFA_20230502T081241_L2A,S2A_T37SFA_20230507T081235_L2A
s4_00186,train,adiyaman_kahta,38.743738,37.654163,32637,476120.0 4166200.0 478680.0 4168760.0,37SDB,S2A_T37SDB_20240521T081438_L2A,S2A_T37SDB_20240531T081516_L2A
s4_00187,train,siverek_viransehir,39.66521,37.655831,32637,557400.0 4166560.0 559960.0 4169120.0,37SEB,S2B_T37SEB_20200815T081240_L2A,S2B_T37SEB_20200825T081242_L2A
s4_00188,train,pazarcik_maras,36.907648,37.495145,32637,313750.0 4150580.0 316310.0 4153140.0,37SCB,S2C_T37SCB_20250519T082110_L2A,S2B_T37SCB_20250524T082325_L2A
s4_00189,train,suruc,38.476366,36.850113,32637,452040.0 4077090.0 454600.0 4079650.0,37SDA,S2B_T37SDA_20190612T081952_L2A,S2B_T37SDA_20190622T081729_L2A
s4_00190,val,amik_hatay,36.303798,36.262516,32637,256500.0 4015160.0 259060.0 4017720.0,37SBA,S2B_T37SBA_20230922T082716_L2A,S2B_T37SBA_20231002T082806_L2A
s4_00191,train,mardin_kiziltepe,40.755902,37.09169,32637,654770.0 4105210.0 657330.0 4107770.0,37SFB,S2A_T37SFB_20200929T081242_L2A,S2A_T37SFB_20201009T081242_L2A
s4_00192,val,ceylanpinar,39.746549,36.812082,32637,565310.0 4073010.0 567870.0 4075570.0,37SEA,S2B_T37SEA_20250710T081528_L2A,S2A_T37SEA_20250717T081640_L2A
s4_00193,train,adiyaman_kahta,38.485088,37.743505,32637,453350.0 4176200.0 455910.0 4178760.0,37SDB,S2A_T37SDB_20200909T081240_L2A,S2B_T37SDB_20200914T081238_L2A
s4_00194,train,harran,39.286983,36.964937,32637,524270.0 4089740.0 526830.0 4092300.0,37SEA,S2B_T37SEA_20200815T081240_L2A,S2A_T37SEA_20200820T081651_L2A
s4_00195,train,harran,39.078279,37.082629,32637,505680.0 4102760.0 508240.0 4105320.0,37SEB,S2A_T37SEB_20230924T081240_L2A,S2B_T37SEB_20230929T081237_L2A
s4_00196,train,suruc,38.478352,37.039625,32637,452330.0 4098120.0 454890.0 4100680.0,37SDB,S2A_T37SDB_20250727T081606_L2A,S2C_T37SDB_20250804T081005_L2A
s4_00197,train,adiyaman_kahta,38.366803,37.683427,32637,442890.0 4169600.0 445450.0 4172160.0,37SDB,S2A_T37SDB_20230719T082252_L2A,S2B_T37SDB_20230724T082253_L2A
s4_00198,val,ceylanpinar,39.721897,36.89893,32637,563040.0 4082620.0 565600.0 4085180.0,37SEA,S2A_T37SEA_20200711T081106_L2A,S2A_T37SEA_20200721T081831_L2A
s4_00199,train,siverek_viransehir,39.643789,37.373132,32637,555720.0 4135180.0 558280.0 4137740.0,37SEB,S2B_T37SEB_20230611T081240_L2A,S2A_T37SEB_20230616T081830_L2A
s4_00200,train,suruc,38.3694,36.933045,32637,442560.0 4086350.0 445120.0 4088910.0,37SDA,S2B_T37SDA_20200914T081238_L2A,S2A_T37SDA_20200919T081243_L2A
s4_00201,val,ceylanpinar,39.884171,36.77102,32637,577630.0 4068560.0 580190.0 4071120.0,37SEA,S2A_T37SEA_20230822T080616_L2A,S2B_T37SEA_20230827T080951_L2A
s4_00202,train,pazarcik_maras,37.002017,37.593144,32637,322330.0 4161270.0 324890.0 4163830.0,37SCB,S2A_T37SCB_20240713T082612_L2A,S2A_T37SCB_20240723T082351_L2A
s4_00203,train,diyarbakir,40.536807,37.773964,32637,634060.0 4180570.0 636620.0 4183130.0,37SFB,S2A_T37SFB_20200601T081004_L2A,S2B_T37SFB_20200606T080814_L2A
s4_00204,train,cukurova_adana,35.73326,36.875561,32636,742340.0 4083280.0 744900.0 4085840.0,36SYF,S2A_T36SYF_20200704T081759_L2A,S2A_T36SYF_20200714T081911_L2A
s4_00205,train,suruc,38.494014,36.954112,32637,453670.0 4088620.0 456230.0 4091180.0,37SDA,S2B_T37SDA_20240814T080920_L2A,S2A_T37SDA_20240819T081658_L2A
s4_00206,train,cukurova_adana,35.544259,36.81897,32636,725650.0 4076530.0 728210.0 4079090.0,36SYF,S2B_T36SYF_20250603T082548_L2A,S2C_T36SYF_20250608T082644_L2A
s4_00207,train,harran,38.916981,36.973437,32637,491330.0 4090650.0 493890.0 4093210.0,37SDB,S2A_T37SDB_20230726T081240_L2A,S2B_T37SDB_20230731T081240_L2A
s4_00208,val,amik_hatay,36.468483,36.240855,32637,271230.0 4012360.0 273790.0 4014920.0,37SBA,S2A_T37SBA_20240603T082744_L2A,S2A_T37SBA_20240613T082254_L2A
s4_00209,train,harran,39.024007,36.934979,32637,500860.0 4086380.0 503420.0 4088940.0,37SEA,S2A_T37SEA_20230904T081016_L2A,S2B_T37SEA_20230909T080819_L2A
s4_00210,train,diyarbakir,40.516695,37.836917,32637,632180.0 4187520.0 634740.0 4190080.0,37SFB,S2A_T37SFB_20200827T080229_L2A,S2A_T37SFB_20200906T080228_L2A
s4_00211,val,ceylanpinar,40.174129,36.743065,32637,603540.0 4065730.0 606100.0 4068290.0,37SFA,S2B_T37SFA_20190712T081950_L2A,S2B_T37SFA_20190719T080030_L2A
s4_00212,train,adiyaman_kahta,38.537448,37.764629,32637,457980.0 4178520.0 460540.0 4181080.0,37SDB,S2B_T37SDB_20200726T080832_L2A,S2A_T37SDB_20200731T081835_L2A
s4_00213,train,mardin_kiziltepe,40.9703,36.953631,32637,674150.0 4090260.0 676710.0 4092820.0,37SFB,S2B_T37SFB_20190719T080030_L2A,S2B_T37SFB_20190729T075950_L2A
s4_00214,val,amik_hatay,36.377481,36.28807,32636,802070.0 4019920.0 804630.0 4022480.0,36SYF,S2B_T36SYF_20200907T081959_L2A,S2B_T36SYF_20200917T082932_L2A
s4_00215,train,mardin_kiziltepe,40.455201,37.154117,32637,627940.0 4111680.0 630500.0 4114240.0,37SFB,S2B_T37SFB_20200901T080227_L2A,S2B_T37SFB_20200911T080226_L2A
s4_00216,val,amik_hatay,36.450665,36.327286,32637,269880.0 4021990.0 272440.0 4024550.0,37SBA,S2B_T37SBA_20230902T082245_L2A,S2A_T37SBA_20230907T082047_L2A
s4_00217,train,cukurova_adana,35.422432,37.045324,32636,714150.0 4101360.0 716710.0 4103920.0,36SYG,S2A_T36SYG_20250703T083633_L2A,S2C_T36SYG_20250708T082937_L2A
s4_00218,train,harran,38.879228,36.970933,32637,487970.0 4090370.0 490530.0 4092930.0,37SDB,S2B_T37SDB_20240824T081408_L2A,S2B_T37SDB_20240903T081234_L2A
s4_00219,train,mardin_kiziltepe,40.927985,36.970451,32637,670340.0 4092050.0 672900.0 4094610.0,37SFA,S2A_T37SFA_20190624T080348_L2A,S2B_T37SFA_20190629T080033_L2A
s4_00220,train,pazarcik_maras,37.000043,37.528956,32637,322000.0 4154150.0 324560.0 4156710.0,37SCB,S2A_T37SCB_20250610T082620_L2A,S2A_T37SCB_20250620T082602_L2A
s4_00221,train,harran,38.898485,37.067704,32637,489700.0 4101110.0 492260.0 4103670.0,37SDB,S2B_T37SDB_20240715T081238_L2A,S2A_T37SDB_20240720T081232_L2A
s4_00222,val,ceylanpinar,39.818114,36.940893,32637,571570.0 4087350.0 574130.0 4089910.0,37SEA,S2C_T37SEA_20250913T080955_L2A,S2B_T37SEA_20250918T081855_L2A
s4_00223,train,diyarbakir,40.250785,38.039765,32637,608480.0 4209690.0 611040.0 4212250.0,37SFC,S2C_T37SFC_20250824T080915_L2A,S2A_T37SFC_20250902T080722_L2A
s4_00224,train,suruc,38.348604,36.898007,32637,440680.0 4082480.0 443240.0 4085040.0,37SDA,S2B_T37SDA_20240913T081648_L2A,S2A_T37SDA_20240918T081428_L2A
s4_00225,train,adiyaman_kahta,38.44446,37.775305,32637,449800.0 4179750.0 452360.0 4182310.0,37SDB,S2A_T37SDB_20200922T082255_L2A,S2A_T37SDB_20201002T082254_L2A
s4_00226,val,amik_hatay,36.36348,36.278147,32637,261910.0 4016750.0 264470.0 4019310.0,37SBA,S2B_T37SBA_20250514T082639_L2A,S2B_T37SBA_20250524T082325_L2A
s4_00227,train,pazarcik_maras,36.909576,37.554299,32637,314070.0 4157140.0 316630.0 4159700.0,37SCB,S2A_T37SCB_20240703T082714_L2A,S2B_T37SCB_20240708T082149_L2A
s4_00228,train,harran,39.186038,36.963735,32637,515280.0 4089590.0 517840.0 4092150.0,37SEA,S2C_T37SEA_20250705T081945_L2A,S2B_T37SEA_20250710T081528_L2A
s5_00000,train,siverek_viransehir,39.872921,37.612319,32637,575760.0 4161880.0 578320.0 4164440.0,37SEB,S2C_T37SEB_20250814T081928_L2A,S2C_T37SEB_20250824T080915_L2A
s5_00001,train,harran,39.246534,36.826606,32637,520710.0 4074390.0 523270.0 4076950.0,37SEA,S2B_T37SEA_20190801T081001_L2A,S2A_T37SEA_20190806T080939_L2A
s5_00002,val,amik_hatay,36.359212,36.235105,32637,261390.0 4011980.0 263950.0 4014540.0,37SBA,S2B_T37SBA_20250812T081809_L2A,S2A_T37SBA_20250819T082335_L2A
s5_00003,val,ceylanpinar,40.288775,36.844099,32637,613630.0 4077070.0 616190.0 4079630.0,37SFA,S2A_T37SFA_20240627T080223_L2A,S2B_T37SFA_20240702T080154_L2A
s5_00004,val,amik_hatay,36.389659,36.449532,32636,802530.0 4037870.0 805090.0 4040430.0,36SYF,S2B_T36SYF_20240827T082937_L2A,S2B_T36SYF_20240906T082116_L2A
s5_00005,train,harran,38.972005,36.841681,32637,496220.0 4076030.0 498780.0 4078590.0,37SDA,S2A_T37SDA_20230527T081239_L2A,S2B_T37SDA_20230601T080808_L2A
s5_00006,train,mardin_kiziltepe,40.527088,37.107408,32637,634410.0 4106600.0 636970.0 4109160.0,37SFB,S2B_T37SFB_20190619T080944_L2A,S2A_T37SFB_20190624T080348_L2A
s5_00007,train,harran,39.265909,36.937812,32637,522400.0 4086730.0 524960.0 4089290.0,37SEA,S2A_T37SEA_20240521T081438_L2A,S2A_T37SEA_20240531T081516_L2A
s5_00008,train,pazarcik_maras,37.043072,37.491333,32637,325720.0 4149900.0 328280.0 4152460.0,37SCB,S2B_T37SCB_20250713T082020_L2A,S2C_T37SCB_20250718T082257_L2A
s5_00009,train,mardin_kiziltepe,40.52642,36.965216,32637,634600.0 4090820.0 637160.0 4093380.0,37SFB,S2B_T37SFB_20240824T081408_L2A,S2B_T37SFB_20240903T081234_L2A
s5_00010,train,adiyaman_kahta,38.344328,37.698378,32637,440920.0 4171270.0 443480.0 4173830.0,37SDB,S2B_T37SDB_20240804T080922_L2A,S2A_T37SDB_20240809T081710_L2A
s5_00011,train,suruc,38.582273,36.938927,32637,461520.0 4086900.0 464080.0 4089460.0,37SDA,S2B_T37SDA_20190622T081729_L2A,S2B_T37SDA_20190702T081053_L2A
s5_00012,val,ceylanpinar,39.82636,36.767916,32637,572470.0 4068170.0 575030.0 4070730.0,37SEA,S2A_T37SEA_20230904T081016_L2A,S2A_T37SEA_20230914T081138_L2A
s5_00013,train,pazarcik_maras,36.966684,37.517743,32637,319030.0 4152970.0 321590.0 4155530.0,37SCB,S2C_T37SCB_20250906T082934_L2A,S2C_T37SCB_20250916T082525_L2A
s5_00014,train,cukurova_adana,35.474958,36.967445,32636,719050.0 4092840.0 721610.0 4095400.0,36SYF,S2B_T36SYF_20190615T082515_L2A,S2B_T36SYF_20190625T082241_L2A
s5_00015,train,adiyaman_kahta,38.690077,37.720955,32637,471410.0 4173620.0 473970.0 4176180.0,37SDB,S2A_T37SDB_20190707T080857_L2A,S2B_T37SDB_20190712T080818_L2A
s5_00016,val,amik_hatay,36.541469,36.393135,32637,278220.0 4029080.0 280780.0 4031640.0,37SBA,S2B_T37SBA_20190903T082355_L2A,S2B_T37SBA_20190913T082417_L2A
s5_00017,train,cukurova_adana,35.597638,36.948658,32636,730030.0 4091050.0 732590.0 4093610.0,36SYF,S2B_T36SYF_20250904T083254_L2A,S2A_T36SYF_20250911T083625_L2A
s5_00018,train,diyarbakir,40.051332,37.807333,32637,591270.0 4183680.0 593830.0 4186240.0,37SEB,S2A_T37SEB_20190508T081533_L2A,S2A_T37SEB_20190518T081906_L2A
s5_00019,train,suruc,38.418322,36.866314,32637,446870.0 4078920.0 449430.0 4081480.0,37SDA,S2B_T37SDA_20240814T080920_L2A,S2A_T37SDA_20240819T081658_L2A
s5_00020,train,mardin_kiziltepe,40.753599,36.988823,32637,654780.0 4093790.0 657340.0 4096350.0,37SFA,S2A_T37SFA_20251002T080446_L2A,S2C_T37SFA_20251010T075931_L2A
s5_00021,val,ceylanpinar,39.723279,36.876574,32637,563180.0 4080140.0 565740.0 4082700.0,37SEA,S2A_T37SEA_20230527T081239_L2A,S2B_T37SEA_20230601T080808_L2A
s5_00022,train,diyarbakir,40.469673,37.938755,32637,627860.0 4198760.0 630420.0 4201320.0,37SFC,S2B_T37SFC_20200921T080225_L2A,S2A_T37SFC_20200926T080229_L2A
s5_00023,train,siverek_viransehir,39.641196,37.59509,32637,555320.0 4159800.0 557880.0 4162360.0,37SEB,S2B_T37SEB_20230711T081822_L2A,S2B_T37SEB_20230721T081241_L2A
s5_00024,train,pazarcik_maras,36.951444,37.488074,32637,317610.0 4149710.0 320170.0 4152270.0,37SCB,S2A_T37SCB_20250720T082601_L2A,S2A_T37SCB_20250730T082900_L2A
s5_00025,train,harran,39.241138,36.765145,32637,520240.0 4067570.0 522800.0 4070130.0,37SEA,S2A_T37SEA_20190617T081102_L2A,S2A_T37SEA_20190627T081353_L2A
s5_00026,train,mardin_kiziltepe,40.914251,37.132408,32637,668760.0 4110000.0 671320.0 4112560.0,37SFB,S2B_T37SFB_20230916T080107_L2A,S2B_T37SFB_20230926T080023_L2A
s5_00027,val,amik_hatay,36.36779,36.361843,32637,262550.0 4026020.0 265110.0 4028580.0,37SBA,S2A_T37SBA_20230818T082902_L2A,S2B_T37SBA_20230823T082524_L2A
s5_00028,train,diyarbakir,40.285462,37.950632,32637,611660.0 4199840.0 614220.0 4202400.0,37SFC,S2C_T37SFC_20250910T080306_L2A,S2B_T37SFC_20250915T080243_L2A
s5_00029,train,diyarbakir,40.11986,37.92651,32637,597140.0 4196970.0 599700.0 4199530.0,37SEC,S2A_T37SEC_20190707T080857_L2A,S2B_T37SEC_20190712T080818_L2A
s5_00030,train,harran,38.722373,36.808421,32637,473960.0 4072380.0 476520.0 4074940.0,37SDA,S2B_T37SDA_20240725T081238_L2A,S2B_T37SDA_20240804T080922_L2A
s5_00031,train,siverek_viransehir,39.471927,37.470058,32637,540450.0 4145840.0 543010.0 4148400.0,37SEB,S2B_T37SEB_20230502T081241_L2A,S2A_T37SEB_20230507T081235_L2A
s5_00032,train,suruc,38.591249,36.988081,32637,462350.0 4092350.0 464910.0 4094910.0,37SDB,S2B_T37SDB_20200825T081242_L2A,S2A_T37SDB_20200830T081241_L2A
s5_00033,val,ceylanpinar,39.988576,36.763373,32637,586950.0 4067800.0 589510.0 4070360.0,37SEA,S2A_T37SEA_20230703T080228_L2A,S2B_T37SEA_20230708T080228_L2A
s5_00034,train,adiyaman_kahta,38.621688,37.827583,32637,465430.0 4185470.0 467990.0 4188030.0,37SDB,S2A_T37SDB_20200512T081107_L2A,S2B_T37SDB_20200517T081608_L2A
s5_00035,val,ceylanpinar,39.940863,36.749355,32637,582710.0 4066200.0 585270.0 4068760.0,37SEA,S2C_T37SEA_20250615T081255_L2A,S2C_T37SEA_20250622T080242_L2A
s5_00036,val,ceylanpinar,39.890775,36.873433,32637,578110.0 4079920.0 580670.0 4082480.0,37SEA,S2A_T37SEA_20190604T080809_L2A,S2B_T37SEA_20190609T075934_L2A
s5_00037,train,diyarbakir,40.288117,37.772571,32637,612160.0 4180080.0 614720.0 4182640.0,37SFB,S2A_T37SFB_20240905T080520_L2A,S2B_T37SFB_20240913T081648_L2A
s5_00038,train,mardin_kiziltepe,40.574358,37.169637,32637,638490.0 4113570.0 641050.0 4116130.0,37SFB,S2A_T37SFB_20190922T080155_L2A,S2B_T37SFB_20190930T081001_L2A
s5_00039,train,siverek_viransehir,39.799875,37.45326,32637,569470.0 4144180.0 572030.0 4146740.0,37SEB,S2B_T37SEB_20230820T080823_L2A,S2B_T37SEB_20230830T080827_L2A
s5_00040,train,suruc,38.356397,36.920069,32637,441390.0 4084920.0 443950.0 4087480.0,37SDA,S2C_T37SDA_20250605T080756_L2A,S2B_T37SDA_20250610T081711_L2A
s5_00041,train,suruc,38.398923,36.946887,32637,445200.0 4087870.0 447760.0 4090430.0,37SDA,S2B_T37SDA_20250630T081824_L2A,S2A_T37SDA_20250707T081606_L2A
s5_00042,train,pazarcik_maras,36.875116,37.481693,32637,310840.0 4149150.0 313400.0 4151710.0,37SCB,S2B_T37SCB_20230902T082245_L2A,S2A_T37SCB_20230907T082047_L2A
s5_00043,train,cukurova_adana,35.7414,37.024419,32637,208830.0 4101270.0 211390.0 4103830.0,37SBB,S2A_T37SBB_20200704T081759_L2A,S2B_T37SBB_20200709T081951_L2A
s5_00044,train,siverek_viransehir,39.727387,37.41777,32637,563080.0 4140190.0 565640.0 4142750.0,37SEB,S2A_T37SEB_20191005T080814_L2A,S2B_T37SEB_20191010T081115_L2A
s5_00045,train,pazarcik_maras,36.851304,37.352025,32637,308410.0 4134810.0 310970.0 4137370.0,37SCB,S2B_T37SCB_20240529T082855_L2A,S2B_T37SCB_20240608T082251_L2A
s5_00046,train,diyarbakir,40.066015,37.851399,32637,592500.0 4188580.0 595060.0 4191140.0,37SEB,S2A_T37SEB_20230616T081830_L2A,S2A_T37SEB_20230626T081239_L2A
s5_00047,val,ceylanpinar,39.897785,36.916952,32637,578690.0 4084760.0 581250.0 4087320.0,37SEA,S2A_T37SEA_20200731T081835_L2A,S2A_T37SEA_20200810T081940_L2A
s5_00048,val,amik_hatay,36.4508,36.259418,32637,269700.0 4014460.0 272260.0 4017020.0,37SBA,S2B_T37SBA_20230724T082253_L2A,S2A_T37SBA_20230729T082253_L2A
s5_00049,train,adiyaman_kahta,38.496674,37.737073,32637,454370.0 4175480.0 456930.0 4178040.0,37SDB,S2C_T37SDB_20251003T080849_L2A,S2B_T37SDB_20251008T081559_L2A
s5_00050,train,harran,38.766183,36.756514,32637,477850.0 4066610.0 480410.0 4069170.0,37SDA,S2A_T37SDA_20200929T081242_L2A,S2A_T37SDA_20201009T081242_L2A
s5_00051,train,mardin_kiziltepe,40.450951,37.024641,32637,627780.0 4097310.0 630340.0 4099870.0,37SFA,S2B_T37SFA_20230827T075822_L2A,S2B_T37SFA_20230906T080553_L2A
s5_00052,train,adiyaman_kahta,38.553883,37.6516,32637,459370.0 4165970.0 461930.0 4168530.0,37SDB,S2B_T37SDB_20190930T081001_L2A,S2B_T37SDB_20191010T081115_L2A
s5_00053,train,pazarcik_maras,36.9626,37.499149,32637,318620.0 4150920.0 321180.0 4153480.0,37SCB,S2A_T37SCB_20200624T082509_L2A,S2B_T37SCB_20200629T082209_L2A
s5_00054,val,amik_hatay,36.482369,36.258818,32637,272530.0 4014320.0 275090.0 4016880.0,37SBA,S2A_T37SBA_20240603T082744_L2A,S2A_T37SBA_20240613T082254_L2A
s5_00055,train,mardin_kiziltepe,40.444034,37.002959,32637,627200.0 4094900.0 629760.0 4097460.0,37SFB,S2A_T37SFB_20200731T081835_L2A,S2A_T37SFB_20200807T080824_L2A
s5_00056,train,diyarbakir,40.340618,37.97189,32637,616470.0 4202260.0 619030.0 4204820.0,37SFC,S2A_T37SFC_20240730T081107_L2A,S2A_T37SFC_20240806T080126_L2A
s5_00057,train,suruc,38.445443,36.854288,32637,449280.0 4077570.0 451840.0 4080130.0,37SDA,S2B_T37SDA_20200825T081242_L2A,S2A_T37SDA_20200830T081241_L2A
s5_00058,train,siverek_viransehir,39.426184,37.366806,32637,536460.0 4134370.0 539020.0 4136930.0,37SEB,S2C_T37SEB_20250804T081005_L2A,S2C_T37SEB_20250814T081928_L2A
s5_00059,train,adiyaman_kahta,38.641605,37.760994,32637,467150.0 4178080.0 469710.0 4180640.0,37SDB,S2A_T37SDB_20240809T081710_L2A,S2A_T37SDB_20240819T081658_L2A
s5_00060,train,diyarbakir,40.518612,37.803217,32637,632410.0 4183790.0 634970.0 4186350.0,37SFB,S2B_T37SFB_20230718T080228_L2A,S2B_T37SFB_20230728T080228_L2A
s5_00061,train,siverek_viransehir,39.448016,37.625678,32637,538250.0 4163100.0 540810.0 4165660.0,37SEB,S2A_T37SEB_20240730T081107_L2A,S2A_T37SEB_20240809T081710_L2A
s5_00062,train,harran,38.814036,36.939449,32637,482160.0 4086890.0 484720.0 4089450.0,37SDA,S2B_T37SDA_20190702T081053_L2A,S2A_T37SDA_20190707T080857_L2A
s5_00063,val,amik_hatay,36.497802,36.370872,32637,274240.0 4026710.0 276800.0 4029270.0,37SBA,S2B_T37SBA_20230704T082253_L2A,S2A_T37SBA_20230709T082253_L2A
s5_00064,train,siverek_viransehir,39.711027,37.379853,32637,561670.0 4135970.0 564230.0 4138530.0,37SEB,S2A_T37SEB_20190816T081333_L2A,S2A_T37SEB_20190826T081708_L2A
s5_00065,train,mardin_kiziltepe,40.698306,37.063334,32637,649710.0 4101970.0 652270.0 4104530.0,37SFB,S2B_T37SFB_20200911T080226_L2A,S2A_T37SFB_20200919T081243_L2A
s5_00066,train,siverek_viransehir,39.43153,37.474563,32637,536880.0 4146330.0 539440.0 4148890.0,37SEB,S2A_T37SEB_20250925T081603_L2A,S2A_T37SEB_20251005T081603_L2A
s5_00067,val,amik_hatay,36.498536,36.3265,32637,274180.0 4021790.0 276740.0 4024350.0,37SBA,S2A_T37SBA_20200803T082535_L2A,S2A_T37SBA_20200813T082427_L2A
s5_00068,val,ceylanpinar,39.887116,36.80888,32637,577850.0 4072760.0 580410.0 4075320.0,37SEA,S2B_T37SEA_20240715T081238_L2A,S2B_T37SEA_20240725T081238_L2A
s5_00069,train,siverek_viransehir,39.8632,37.747856,32637,574770.0 4176910.0 577330.0 4179470.0,37SEB,S2A_T37SEB_20190518T081906_L2A,S2A_T37SEB_20190528T081105_L2A
s5_00070,train,harran,38.957578,36.788719,32637,494940.0 4070160.0 497500.0 4072720.0,37SDA,S2B_T37SDA_20230830T080827_L2A,S2B_T37SDA_20230909T080819_L2A
s5_00071,train,diyarbakir,40.223202,37.836796,32637,606350.0 4187130.0 608910.0 4189690.0,37SFB,S2A_T37SFB_20250826T081635_L2A,S2C_T37SFB_20250831T080415_L2A
s5_00072,val,ceylanpinar,39.985169,36.738176,32637,586680.0 4065000.0 589240.0 4067560.0,37SEA,S2B_T37SEA_20230621T081239_L2A,S2B_T37SEA_20230628T080228_L2A
s5_00073,train,adiyaman_kahta,38.405223,37.847277,32637,446390.0 4187760.0 448950.0 4190320.0,37SDB,S2A_T37SDB_20240521T081438_L2A,S2B_T37SDB_20240529T082855_L2A
s5_00074,train,suruc,38.412262,37.048833,32637,446460.0 4099170.0 449020.0 4101730.0,37SDB,S2A_T37SDB_20190528T081105_L2A,S2A_T37SDB_20190607T080937_L2A
s5_00075,train,mardin_kiziltepe,40.789076,37.13582,32637,657630.0 4110160.0 660190.0 4112720.0,37SFB,S2B_T37SFB_20190927T080155_L2A,S2A_T37SFB_20191005T080814_L2A
s5_00076,train,suruc,38.597803,37.020387,32637,462940.0 4095930.0 465500.0 4098490.0,37SDA,S2B_T37SDA_20250819T081805_L2A,S2B_T37SDA_20250829T080834_L2A
s5_00077,train,suruc,38.440395,37.012418,32637,448940.0 4095120.0 451500.0 4097680.0,37SDA,S2B_T37SDA_20250928T080851_L2A,S2C_T37SDA_20251003T080849_L2A
s5_00078,train,harran,39.204098,36.859633,32637,516910.0 4078040.0 519470.0 4080600.0,37SEA,S2B_T37SEA_20240625T081238_L2A,S2A_T37SEA_20240630T081901_L2A
s5_00079,train,diyarbakir,40.455301,37.753981,32637,626920.0 4178240.0 629480.0 4180800.0,37SFB,S2A_T37SFB_20200909T081240_L2A,S2A_T37SFB_20200916T080228_L2A
s5_00080,train,suruc,38.374132,36.881655,32637,442950.0 4080650.0 445510.0 4083210.0,37SDA,S2A_T37SDA_20250727T081606_L2A,S2A_T37SDA_20250806T081636_L2A
s5_00081,val,ceylanpinar,40.296349,36.928863,32637,614170.0 4086490.0 616730.0 4089050.0,37SFA,S2A_T37SFA_20200621T081658_L2A,S2A_T37SFA_20200628T080942_L2A
s5_00082,train,adiyaman_kahta,38.656709,37.797296,32637,468500.0 4182100.0 471060.0 4184660.0,37SDB,S2A_T37SDB_20240730T081107_L2A,S2B_T37SDB_20240804T080922_L2A
s5_00083,train,diyarbakir,40.597019,37.937108,32637,639060.0 4198760.0 641620.0 4201320.0,37SFC,S2A_T37SFC_20230723T080227_L2A,S2B_T37SFC_20230731T081240_L2A
s5_00084,val,ceylanpinar,39.891732,36.923289,32637,578140.0 4085450.0 580700.0 4088010.0,37SEA,S2B_T37SEA_20250925T080020_L2A,S2C_T37SEA_20250930T080753_L2A
s5_00085,val,amik_hatay,36.334909,36.335197,32636,798060.0 4025010.0 800620.0 4027570.0,36SYF,S2B_T36SYF_20250822T082854_L2A,S2C_T36SYF_20250827T082955_L2A
s5_00086,train,suruc,38.520007,37.049138,32637,456040.0 4099150.0 458600.0 4101710.0,37SDB,S2B_T37SDB_20240814T080920_L2A,S2B_T37SDB_20240824T081408_L2A
s5_00087,train,siverek_viransehir,39.743063,37.682113,32637,564240.0 4169530.0 566800.0 4172090.0,37SEB,S2B_T37SEB_20190712T080818_L2A,S2A_T37SEB_20190717T081107_L2A
s5_00088,train,pazarcik_maras,37.151143,37.562118,32637,335430.0 4157560.0 337990.0 4160120.0,37SCB,S2A_T37SCB_20190918T082614_L2A,S2B_T37SCB_20190923T081928_L2A
s5_00089,val,amik_hatay,36.502645,36.207505,32637,274210.0 4008580.0 276770.0 4011140.0,37SBA,S2A_T37SBA_20190829T082903_L2A,S2B_T37SBA_20190903T082355_L2A
s5_00090,train,mardin_kiziltepe,40.596419,37.150286,32637,640490.0 4111460.0 643050.0 4114020.0,37SFB,S2B_T37SFB_20250617T080740_L2A,S2C_T37SFB_20250625T081910_L2A
s5_00091,val,ceylanpinar,40.109622,36.783591,32637,597730.0 4070160.0 600290.0 4072720.0,37SEA,S2A_T37SEA_20230822T080616_L2A,S2B_T37SEA_20230827T075822_L2A
s5_00092,train,mardin_kiziltepe,40.89048,37.183859,32637,666530.0 4115660.0 669090.0 4118220.0,37SFB,S2B_T37SFB_20240602T080224_L2A,S2A_T37SFB_20240607T080029_L2A
s5_00093,train,siverek_viransehir,39.261037,37.368207,32637,521830.0 4134470.0 524390.0 4137030.0,37SEB,S2A_T37SEB_20240710T081552_L2A,S2B_T37SEB_20240715T081238_L2A
s5_00094,train,adiyaman_kahta,38.600085,37.795346,32637,463510.0 4181900.0 466070.0 4184460.0,37SDB,S2A_T37SDB_20250905T081601_L2A,S2A_T37SDB_20250915T081634_L2A
s5_00095,train,harran,38.796166,36.97783,32637,480580.0 4091150.0 483140.0 4093710.0,37SDB,S2B_T37SDB_20240913T081648_L2A,S2A_T37SDB_20240918T081428_L2A
s5_00096,train,suruc,38.409969,37.013742,32637,446230.0 4095280.0 448790.0 4097840.0,37SDA,S2A_T37SDA_20200830T081241_L2A,S2B_T37SDA_20200904T081239_L2A
s5_00097,train,pazarcik_maras,36.936054,37.578346,32637,316470.0 4159760.0 319030.0 4162320.0,37SCB,S2B_T37SCB_20240529T082855_L2A,S2B_T37SCB_20240608T082251_L2A
s5_00098,val,amik_hatay,36.440712,36.331131,32637,269000.0 4022440.0 271560.0 4025000.0,37SBA,S2A_T37SBA_20240703T082714_L2A,S2B_T37SBA_20240708T082149_L2A
s5_00099,train,adiyaman_kahta,38.57909,37.659207,32637,461590.0 4166810.0 464150.0 4169370.0,37SDB,S2A_T37SDB_20240918T081428_L2A,S2A_T37SDB_20240928T081237_L2A
s5_00100,val,amik_hatay,36.419897,36.430907,32637,267430.0 4033560.0 269990.0 4036120.0,37SBA,S2A_T37SBA_20200912T081817_L2A,S2B_T37SBA_20200917T082932_L2A
s5_00101,train,suruc,38.345898,36.881219,32637,440430.0 4080620.0 442990.0 4083180.0,37SDA,S2C_T37SDA_20250804T081005_L2A,S2C_T37SDA_20250814T081928_L2A
s5_00102,val,ceylanpinar,40.047167,36.930164,32637,591980.0 4086360.0 594540.0 4088920.0,37SEA,S2B_T37SEA_20190930T081001_L2A,S2A_T37SEA_20191005T080814_L2A
s5_00103,train,diyarbakir,40.264434,37.908176,32637,609870.0 4195100.0 612430.0 4197660.0,37SFB,S2A_T37SFB_20230626T081239_L2A,S2A_T37SFB_20230706T081241_L2A
s5_00104,train,pazarcik_maras,36.893364,37.47632,32637,312440.0 4148520.0 315000.0 4151080.0,37SCB,S2B_T37SCB_20200828T082254_L2A,S2B_T37SCB_20200907T081959_L2A
s5_00105,train,siverek_viransehir,39.860671,37.400799,32637,574900.0 4138400.0 577460.0 4140960.0,37SEB,S2A_T37SEB_20230815T081400_L2A,S2B_T37SEB_20230820T080823_L2A
s5_00106,val,amik_hatay,36.351259,36.244918,32636,799880.0 4015040.0 802440.0 4017600.0,36SYF,S2A_T36SYF_20230917T082942_L2A,S2A_T36SYF_20230927T082250_L2A
s5_00107,train,adiyaman_kahta,38.334822,37.709238,32637,440090.0 4172480.0 442650.0 4175040.0,37SDB,S2A_T37SDB_20200611T081109_L2A,S2A_T37SDB_20200621T081658_L2A
s5_00108,train,cukurova_adana,35.44973,37.017769,32636,716660.0 4098370.0 719220.0 4100930.0,36SYG,S2A_T36SYG_20190514T083608_L2A,S2A_T36SYG_20190521T082941_L2A
s5_00109,train,diyarbakir,40.202455,37.978706,32637,604320.0 4202850.0 606880.0 4205410.0,37SEC,S2C_T37SEC_20250801T080418_L2A,S2B_T37SEC_20250809T081103_L2A
s5_00110,train,suruc,38.417389,36.947736,32637,446850.0 4087950.0 449410.0 4090510.0,37SDA,S2A_T37SDA_20200909T081240_L2A,S2A_T37SDA_20200919T081243_L2A
s5_00111,train,suruc,38.44971,36.972143,32637,449740.0 4090640.0 452300.0 4093200.0,37SDB,S2B_T37SDB_20240913T081648_L2A,S2A_T37SDB_20240918T081428_L2A
s5_00112,train,mardin_kiziltepe,40.623607,37.174779,32637,642860.0 4114220.0 645420.0 4116780.0,37SFB,S2C_T37SFB_20250801T080418_L2A,S2B_T37SFB_20250809T081103_L2A
s5_00113,val,amik_hatay,36.431207,36.287914,32637,268020.0 4017660.0 270580.0 4020220.0,37SBA,S2B_T37SBA_20230714T082954_L2A,S2A_T37SBA_20230719T082252_L2A
s5_00114,train,adiyaman_kahta,38.421096,37.689556,32637,447680.0 4170250.0 450240.0 4172810.0,37SDB,S2A_T37SDB_20190730T082509_L2A,S2A_T37SDB_20190809T081759_L2A
s5_00115,train,mardin_kiziltepe,40.697917,36.983096,32637,649830.0 4093060.0 652390.0 4095620.0,37SFB,S2B_T37SFB_20190801T081001_L2A,S2A_T37SFB_20190806T080939_L2A
s5_00116,train,cukurova_adana,35.366036,37.035308,32636,709160.0 4100130.0 711720.0 4102690.0,36SYG,S2C_T36SYG_20250919T082909_L2A,S2C_T36SYG_20250926T082539_L2A
s5_00117,train,suruc,38.334801,36.894886,32637,439450.0 4082140.0 442010.0 4084700.0,37SDA,S2A_T37SDA_20190826T081708_L2A,S2A_T37SDA_20190905T080606_L2A
s5_00118,train,cukurova_adana,35.381793,36.882973,32636,710980.0 4083260.0 713540.0 4085820.0,36SYF,S2A_T36SYF_20230712T083803_L2A,S2A_T36SYF_20230719T082252_L2A
s5_00119,train,harran,39.283023,36.905947,32637,523930.0 4083200.0 526490.0 4085760.0,37SEA,S2A_T37SEA_20240720T081232_L2A,S2A_T37SEA_20240730T081107_L2A
s5_00120,train,harran,38.719703,36.79224,32637,473710.0 4070580.0 476270.0 4073140.0,37SDA,S2A_T37SDA_20230825T081418_L2A,S2B_T37SDA_20230830T080827_L2A
s5_00121,train,suruc,38.312548,36.865168,32637,437450.0 4078860.0 440010.0 4081420.0,37SDA,S2A_T37SDA_20240531T081516_L2A,S2A_T37SDA_20240610T081009_L2A
s5_00122,val,amik_hatay,36.300136,36.36617,32636,794820.0 4028340.0 797380.0 4030900.0,36SYF,S2B_T36SYF_20190725T082353_L2A,S2B_T36SYF_20190804T082330_L2A
s5_00123,train,suruc,38.5308,36.880553,32637,456910.0 4080440.0 459470.0 4083000.0,37SDA,S2A_T37SDA_20200621T081658_L2A,S2A_T37SDA_20200701T081414_L2A
s5_00124,train,adiyaman_kahta,38.624564,37.735977,32637,465640.0 4175310.0 468200.0 4177870.0,37SDB,S2B_T37SDB_20230909T080819_L2A,S2B_T37SDB_20230919T081455_L2A
s5_00125,train,mardin_kiziltepe,40.670249,37.103084,32637,647140.0 4106330.0 649700.0 4108890.0,37SFB,S2B_T37SFB_20190709T080413_L2A,S2A_T37SFB_20190714T080149_L2A
s5_00126,train,adiyaman_kahta,38.34104,37.788025,32637,440700.0 4181220.0 443260.0 4183780.0,37SDB,S2A_T37SDB_20240610T081009_L2A,S2B_T37SDB_20240618T081917_L2A
s5_00127,train,mardin_kiziltepe,40.727754,37.192622,32637,652070.0 4116360.0 654630.0 4118920.0,37SFB,S2A_T37SFB_20240918T081428_L2A,S2A_T37SFB_20240925T080226_L2A
s5_00128,train,harran,38.963247,36.981339,32637,495450.0 4091520.0 498010.0 4094080.0,37SDA,S2B_T37SDA_20190513T080937_L2A,S2A_T37SDA_20190518T081906_L2A
s5_00129,train,adiyaman_kahta,38.543073,37.704748,32637,458440.0 4171880.0 461000.0 4174440.0,37SDB,S2B_T37SDB_20240804T080922_L2A,S2A_T37SDB_20240809T081710_L2A
s5_00130,train,diyarbakir,40.03122,37.901318,32637,589380.0 4194090.0 591940.0 4196650.0,37SEC,S2A_T37SEC_20230914T081138_L2A,S2A_T37SEC_20230924T081240_L2A
s5_00131,train,diyarbakir,40.144589,38.036536,32637,599160.0 4209210.0 601720.0 4211770.0,37SEC,S2A_T37SEC_20230904T081016_L2A,S2A_T37SEC_20230914T081138_L2A
s5_00132,val,amik_hatay,36.513441,36.447571,32637,275860.0 4035190.0 278420.0 4037750.0,37SBA,S2A_T37SBA_20200704T081759_L2A,S2B_T37SBA_20200709T081951_L2A
s5_00133,train,siverek_viransehir,39.381458,37.456804,32637,532460.0 4144340.0 535020.0 4146900.0,37SEB,S2B_T37SEB_20250720T081820_L2A,S2C_T37SEB_20250725T081906_L2A
s5_00134,train,suruc,38.332488,36.964641,32637,439300.0 4089880.0 441860.0 4092440.0,37SDA,S2A_T37SDA_20190915T080645_L2A,S2A_T37SDA_20190925T080817_L2A
s5_00135,train,cukurova_adana,35.52347,36.834879,32636,723750.0 4078250.0 726310.0 4080810.0,36SYF,S2A_T36SYF_20190911T083653_L2A,S2A_T36SYF_20190918T082614_L2A
s5_00136,train,cukurova_adana,35.761998,37.014564,32637,210630.0 4100110.0 213190.0 4102670.0,37SBB,S2B_T37SBB_20240708T082149_L2A,S2B_T37SBB_20240718T081716_L2A
s5_00137,val,ceylanpinar,39.79197,36.712203,32637,569450.0 4061960.0 572010.0 4064520.0,37SEA,S2A_T37SEA_20250528T081604_L2A,S2A_T37SEA_20250607T081637_L2A
s5_00138,val,amik_hatay,36.478628,36.335533,32637,272420.0 4022840.0 274980.0 4025400.0,37SBA,S2B_T37SBA_20240608T082251_L2A,S2A_T37SBA_20240613T082254_L2A
s5_00139,train,cukurova_adana,35.521733,37.045164,32636,722980.0 4101580.0 725540.0 4104140.0,36SYG,S2B_T36SYG_20200709T081951_L2A,S2A_T36SYG_20200714T081911_L2A
s5_00140,train,adiyaman_kahta,38.687291,37.838091,32637,471200.0 4186620.0 473760.0 4189180.0,37SDB,S2A_T37SDB_20190707T080857_L2A,S2A_T37SDB_20190717T081107_L2A
s5_00141,train,adiyaman_kahta,38.680186,37.730802,32637,470540.0 4174720.0 473100.0 4177280.0,37SDB,S2B_T37SDB_20240804T080922_L2A,S2A_T37SDB_20240809T081710_L2A
s5_00142,train,pazarcik_maras,36.911834,37.376455,32637,313830.0 4137400.0 316390.0 4139960.0,37SCB,S2B_T37SCB_20190725T082353_L2A,S2B_T37SCB_20190804T082330_L2A
s5_00143,val,ceylanpinar,39.946947,36.802117,32637,583190.0 4072060.0 585750.0 4074620.0,37SEA,S2A_T37SEA_20190905T080606_L2A,S2B_T37SEA_20190910T081913_L2A
s5_00144,train,diyarbakir,40.3921,37.807622,32637,621260.0 4184100.0 623820.0 4186660.0,37SFB,S2A_T37SFB_20190508T081533_L2A,S2B_T37SFB_20190513T080937_L2A
s5_00145,train,adiyaman_kahta,38.578356,37.70411,32637,461550.0 4171790.0 464110.0 4174350.0,37SDB,S2A_T37SDB_20200512T081107_L2A,S2B_T37SDB_20200517T081608_L2A
s5_00146,val,ceylanpinar,39.736106,36.932247,32637,564270.0 4086330.0 566830.0 4088890.0,37SEA,S2B_T37SEA_20250710T081528_L2A,S2B_T37SEA_20250720T081820_L2A
s5_00147,train,suruc,38.521882,36.853973,32637,456100.0 4077500.0 458660.0 4080060.0,37SDA,S2A_T37SDA_20250925T081603_L2A,S2C_T37SDA_20251003T080849_L2A
s5_00148,train,siverek_viransehir,39.664875,37.416442,32637,557550.0 4140000.0 560110.0 4142560.0,37SEB,S2B_T37SEB_20190920T081423_L2A,S2B_T37SEB_20190930T081001_L2A
s5_00149,train,siverek_viransehir,39.201886,37.444424,32637,516580.0 4142910.0 519140.0 4145470.0,37SEB,S2B_T37SEB_20250521T081818_L2A,S2A_T37SEB_20250528T081604_L2A
s5_00150,train,adiyaman_kahta,38.442822,37.674037,32637,449590.0 4168520.0 452150.0 4171080.0,37SDB,S2B_T37SDB_20200805T080906_L2A,S2A_T37SDB_20200810T081158_L2A
s5_00151,val,amik_hatay,36.393792,36.26413,32637,264590.0 4015120.0 267150.0 4017680.0,37SBA,S2B_T37SBA_20190625T082241_L2A,S2A_T37SBA_20190630T082343_L2A
s5_00152,train,cukurova_adana,35.704548,37.021916,32636,739320.0 4099440.0 741880.0 4102000.0,36SYG,S2A_T36SYG_20230712T083803_L2A,S2A_T36SYG_20230719T082252_L2A
s5_00153,train,pazarcik_maras,36.953854,37.599871,32637,318090.0 4162110.0 320650.0 4164670.0,37SCB,S2C_T37SCB_20250916T082525_L2A,S2B_T37SCB_20250921T082228_L2A
s5_00154,val,amik_hatay,36.345472,36.246827,32637,260200.0 4013310.0 262760.0 4015870.0,37SBA,S2B_T37SBA_20240529T082855_L2A,S2B_T37SBA_20240608T082251_L2A
s5_00155,train,adiyaman_kahta,38.514147,37.77036,32637,455930.0 4179170.0 458490.0 4181730.0,37SDB,S2B_T37SDB_20230919T081455_L2A,S2A_T37SDB_20230924T081240_L2A
s5_00156,val,amik_hatay,36.346642,36.362907,32637,260650.0 4026190.0 263210.0 4028750.0,37SBA,S2A_T37SBA_20250610T082620_L2A,S2C_T37SBA_20250618T082205_L2A
s5_00157,train,diyarbakir,40.427115,37.973147,32637,624070.0 4202520.0 626630.0 4205080.0,37SFC,S2B_T37SFC_20230621T081239_L2A,S2B_T37SFC_20230701T081240_L2A
s5_00158,train,siverek_viransehir,39.285991,37.469965,32637,524010.0 4145770.0 526570.0 4148330.0,37SEB,S2A_T37SEB_20240730T081107_L2A,S2B_T37SEB_20240804T080922_L2A
s5_00159,train,suruc,38.491782,36.859006,32637,453420.0 4078070.0 455980.0 4080630.0,37SDA,S2B_T37SDA_20200706T081947_L2A,S2B_T37SDA_20200716T081121_L2A
s5_00160,train,suruc,38.487914,36.996316,32637,453150.0 4093310.0 455710.0 4095870.0,37SDA,S2A_T37SDA_20230527T081239_L2A,S2B_T37SDA_20230601T080808_L2A
s5_00161,val,amik_hatay,36.321331,36.365915,32637,258390.0 4026590.0 260950.0 4029150.0,37SBA,S2A_T37SBA_20240603T082744_L2A,S2A_T37SBA_20240613T082254_L2A
s5_00162,train,mardin_kiziltepe,40.553469,37.006905,32637,636930.0 4095490.0 639490.0 4098050.0,37SFB,S2A_T37SFB_20191005T080814_L2A,S2B_T37SFB_20191010T081115_L2A
s5_00163,train,adiyaman_kahta,38.720378,37.656904,32637,474060.0 4166510.0 476620.0 4169070.0,37SDB,S2B_T37SDB_20240605T081237_L2A,S2A_T37SDB_20240610T081009_L2A
s5_00164,train,pazarcik_maras,37.066393,37.586744,32637,328000.0 4160440.0 330560.0 4163000.0,37SCB,S2A_T37SCB_20250531T082620_L2A,S2A_T37SCB_20250610T082620_L2A
s5_00165,train,diyarbakir,40.577866,37.933606,32637,637380.0 4198340.0 639940.0 4200900.0,37SFC,S2A_T37SFC_20240717T080221_L2A,S2B_T37SFC_20240725T081238_L2A
s5_00166,train,mardin_kiziltepe,40.70919,37.041645,32637,650720.0 4099580.0 653280.0 4102140.0,37SFB,S2B_T37SFB_20200802T080426_L2A,S2A_T37SFB_20200810T081158_L2A
s5_00167,train,pazarcik_maras,36.873156,37.56697,32637,310880.0 4158620.0 313440.0 4161180.0,37SCB,S2A_T37SCB_20200624T082509_L2A,S2A_T37SCB_20200704T081759_L2A
s5_00168,train,mardin_kiziltepe,40.656671,37.069994,32637,645990.0 4102640.0 648550.0 4105200.0,37SFB,S2C_T37SFB_20250801T080418_L2A,S2B_T37SFB_20250806T080452_L2A
s5_00169,train,siverek_viransehir,39.601254,37.403262,32637,551930.0 4138500.0 554490.0 4141060.0,37SEB,S2A_T37SEB_20230626T081239_L2A,S2A_T37SEB_20230706T081241_L2A
s5_00170,train,diyarbakir,40.017935,37.917855,32637,588190.0 4195910.0 590750.0 4198470.0,37SEC,S2A_T37SEC_20240720T081232_L2A,S2A_T37SEC_20240730T081107_L2A
s5_00171,train,harran,38.937015,36.821714,32637,493100.0 4073820.0 495660.0 4076380.0,37SDA,S2B_T37SDA_20190612T080819_L2A,S2A_T37SDA_20190617T081102_L2A
s5_00172,val,ceylanpinar,40.120879,36.873211,32637,598620.0 4080110.0 601180.0 4082670.0,37SEA,S2B_T37SEA_20200901T080227_L2A,S2B_T37SEA_20200911T080226_L2A
s5_00173,train,mardin_kiziltepe,40.718014,37.055859,32637,651480.0 4101170.0 654040.0 4103730.0,37SFB,S2B_T37SFB_20230708T080228_L2A,S2A_T37SFB_20230713T080608_L2A
s5_00174,train,suruc,38.36707,37.006421,32637,442410.0 4094490.0 444970.0 4097050.0,37SDA,S2B_T37SDA_20200616T081731_L2A,S2B_T37SDA_20200626T081930_L2A
s5_00175,train,mardin_kiziltepe,40.69225,37.088238,32637,649120.0 4104720.0 651680.0 4107280.0,37SFB,S2A_T37SFB_20190707T080857_L2A,S2A_T37SFB_20190717T081107_L2A
s5_00176,val,ceylanpinar,40.092513,36.938658,32637,596010.0 4087350.0 598570.0 4089910.0,37SEA,S2A_T37SEA_20200601T081004_L2A,S2A_T37SEA_20200611T081109_L2A
s5_00177,train,suruc,38.337621,36.850938,32637,439670.0 4077260.0 442230.0 4079820.0,37SDA,S2A_T37SDA_20200810T081940_L2A,S2A_T37SDA_20200820T081651_L2A
s5_00178,train,adiyaman_kahta,38.495695,37.692988,32637,454260.0 4170590.0 456820.0 4173150.0,37SDB,S2B_T37SDB_20200805T080906_L2A,S2B_T37SDB_20200815T081240_L2A
s5_00179,train,mardin_kiziltepe,40.400974,37.156638,32637,623120.0 4111890.0 625680.0 4114450.0,37SFB,S2B_T37SFB_20230601T080808_L2A,S2B_T37SFB_20230608T080228_L2A
s5_00180,train,suruc,38.329489,36.91999,32637,439000.0 4084930.0 441560.0 4087490.0,37SDA,S2C_T37SDA_20250923T081607_L2A,S2B_T37SDA_20250928T080851_L2A
s5_00181,train,harran,39.137123,37.077097,32637,510910.0 4102150.0 513470.0 4104710.0,37SEB,S2A_T37SEB_20240908T081155_L2A,S2A_T37SEB_20240918T081428_L2A
s5_00182,train,siverek_viransehir,39.40112,37.490818,32637,534180.0 4148120.0 536740.0 4150680.0,37SEB,S2B_T37SEB_20230701T081240_L2A,S2A_T37SEB_20230706T081241_L2A
s5_00183,train,suruc,38.45177,36.946684,32637,449910.0 4087820.0 452470.0 4090380.0,37SDA,S2B_T37SDA_20230820T080823_L2A,S2A_T37SDA_20230825T081418_L2A
s5_00184,train,cukurova_adana,35.492957,36.949507,32636,720700.0 4090900.0 723260.0 4093460.0,36SYF,S2A_T36SYF_20230821T083152_L2A,S2A_T36SYF_20230831T083217_L2A
s5_00185,val,ceylanpinar,39.965119,36.788727,32637,584830.0 4070590.0 587390.0 4073150.0,37SEA,S2B_T37SEA_20240821T080719_L2A,S2A_T37SEA_20240829T081516_L2A
s5_00186,train,pazarcik_maras,36.905782,37.364054,32637,313270.0 4136040.0 315830.0 4138600.0,37SCB,S2B_T37SCB_20250613T081848_L2A,S2A_T37SCB_20250620T082602_L2A
s5_00187,val,ceylanpinar,39.882242,36.716812,32637,577510.0 4062540.0 580070.0 4065100.0,37SEA,S2A_T37SEA_20250727T081606_L2A,S2C_T37SEA_20250804T081005_L2A
s5_00188,train,mardin_kiziltepe,40.846366,37.017172,32637,662970.0 4097090.0 665530.0 4099650.0,37SFA,S2C_T37SFA_20250801T080418_L2A,S2B_T37SFA_20250806T080452_L2A
s5_00189,val,amik_hatay,36.408264,36.394397,32636,804420.0 4031810.0 806980.0 4034370.0,36SYF,S2B_T36SYF_20240608T082251_L2A,S2A_T36SYF_20240613T082254_L2A
s5_00190,val,amik_hatay,36.301357,36.42339,32637,256780.0 4033010.0 259340.0 4035570.0,37SBA,S2B_T37SBA_20200629T082209_L2A,S2B_T37SBA_20200709T081951_L2A
s5_00191,train,suruc,38.359659,36.881251,32637,441660.0 4080610.0 444220.0 4083170.0,37SDA,S2B_T37SDA_20230611T081240_L2A,S2B_T37SDA_20230621T081239_L2A
s5_00192,train,harran,39.233608,36.768278,32637,519570.0 4067910.0 522130.0 4070470.0,37SEA,S2B_T37SEA_20250730T080847_L2A,S2B_T37SEA_20250809T081103_L2A
s5_00193,train,harran,39.114672,36.757605,32637,508960.0 4066710.0 511520.0 4069270.0,37SEA,S2A_T37SEA_20230914T081138_L2A,S2B_T37SEA_20230919T081455_L2A
s5_00194,train,diyarbakir,40.406252,37.97059,32637,622240.0 4202200.0 624800.0 4204760.0,37SFC,S2B_T37SFC_20250908T081715_L2A,S2A_T37SFC_20250912T080543_L2A
s5_00195,val,ceylanpinar,40.262821,36.794476,32637,611390.0 4071540.0 613950.0 4074100.0,37SFA,S2B_T37SFA_20240903T081234_L2A,S2A_T37SFA_20240908T081155_L2A
s5_00196,val,ceylanpinar,39.741079,36.89089,32637,564750.0 4081740.0 567310.0 4084300.0,37SEA,S2A_T37SEA_20250727T081606_L2A,S2C_T37SEA_20250804T081005_L2A
s5_00197,val,ceylanpinar,40.075241,36.835865,32637,594600.0 4075920.0 597160.0 4078480.0,37SEA,S2B_T37SEA_20200603T080844_L2A,S2A_T37SEA_20200611T081109_L2A
s5_00198,train,siverek_viransehir,39.406968,37.563005,32637,534660.0 4156130.0 537220.0 4158690.0,37SEB,S2A_T37SEB_20230805T081222_L2A,S2A_T37SEB_20230815T081400_L2A
s5_00199,val,ceylanpinar,39.86712,36.734525,32637,576140.0 4064490.0 578700.0 4067050.0,37SEA,S2B_T37SEA_20190811T081315_L2A,S2A_T37SEA_20190816T081333_L2A
s5_00200,val,amik_hatay,36.311359,36.222604,32637,257060.0 4010710.0 259620.0 4013270.0,37SBA,S2C_T37SBA_20250618T082205_L2A,S2B_T37SBA_20250623T082705_L2A
s5_00201,train,suruc,38.349542,36.947187,32637,440800.0 4087930.0 443360.0 4090490.0,37SDA,S2B_T37SDA_20200706T081947_L2A,S2A_T37SDA_20200711T081106_L2A
s5_00202,train,adiyaman_kahta,38.420171,37.768154,32637,447650.0 4178970.0 450210.0 4181530.0,37SDB,S2B_T37SDB_20200520T082634_L2A,S2B_T37SDB_20200527T081852_L2A
s5_00203,train,suruc,38.511934,37.001176,32637,455290.0 4093830.0 457850.0 4096390.0,37SDB,S2B_T37SDB_20200815T081240_L2A,S2B_T37SDB_20200825T081242_L2A
s5_00204,train,mardin_kiziltepe,40.802024,37.083825,32637,658890.0 4104410.0 661450.0 4106970.0,37SFB,S2A_T37SFB_20230901T080717_L2A,S2B_T37SFB_20230906T080553_L2A
s5_00205,val,ceylanpinar,40.274543,36.933466,32637,612230.0 4086970.0 614790.0 4089530.0,37SFA,S2B_T37SFA_20240801T080223_L2A,S2B_T37SFA_20240811T080043_L2A
s5_00206,train,diyarbakir,40.476329,37.936691,32637,628450.0 4198540.0 631010.0 4201100.0,37SFC,S2B_T37SFC_20190513T080937_L2A,S2A_T37SFC_20190518T081906_L2A
s5_00207,train,mardin_kiziltepe,40.751229,37.065543,32637,654410.0 4102300.0 656970.0 4104860.0,37SFB,S2A_T37SFB_20190806T080939_L2A,S2A_T37SFB_20190813T075612_L2A
s5_00208,val,amik_hatay,36.477596,36.407355,32637,272530.0 4030810.0 275090.0 4033370.0,37SBA,S2A_T37SBA_20230729T082253_L2A,S2B_T37SBA_20230803T082458_L2A
s5_00209,train,siverek_viransehir,39.502828,37.370773,32637,543240.0 4134840.0 545800.0 4137400.0,37SEB,S2B_T37SEB_20230721T081241_L2A,S2B_T37SEB_20230731T081240_L2A
s5_00210,val,amik_hatay,36.351832,36.243406,32636,799930.0 4014880.0 802490.0 4017440.0,36SYF,S2A_T36SYF_20230907T082047_L2A,S2A_T36SYF_20230917T082942_L2A
s5_00211,train,diyarbakir,40.585818,37.998259,32637,637960.0 4205530.0 640520.0 4208090.0,37SFC,S2C_T37SFC_20250920T080124_L2A,S2C_T37SFC_20250930T080753_L2A
s5_00212,val,ceylanpinar,39.9703,36.937008,32637,585130.0 4087040.0 587690.0 4089600.0,37SEA,S2B_T37SEA_20200507T080807_L2A,S2A_T37SEA_20200512T081107_L2A
s5_00213,val,amik_hatay,36.468082,36.420001,32637,271720.0 4032230.0 274280.0 4034790.0,37SBA,S2A_T37SBA_20250819T082335_L2A,S2A_T37SBA_20250829T082619_L2A
s5_00214,val,ceylanpinar,40.237876,36.753269,32637,609220.0 4066940.0 611780.0 4069500.0,37SFA,S2C_T37SFA_20250615T081255_L2A,S2B_T37SFA_20250620T081815_L2A
s5_00215,train,suruc,38.505567,36.874696,32637,454660.0 4079810.0 457220.0 4082370.0,37SDA,S2B_T37SDA_20200616T081731_L2A,S2A_T37SDA_20200621T081658_L2A
s5_00216,train,diyarbakir,40.009211,38.009242,32637,587320.0 4206040.0 589880.0 4208600.0,37SEC,S2A_T37SEC_20190727T081534_L2A,S2B_T37SEC_20190801T081001_L2A
s5_00217,train,adiyaman_kahta,38.502928,37.790132,32637,454950.0 4181370.0 457510.0 4183930.0,37SDB,S2A_T37SDB_20250816T081600_L2A,S2C_T37SDB_20250824T080915_L2A
s5_00218,train,diyarbakir,40.582868,37.820213,32637,638030.0 4185770.0 640590.0 4188330.0,37SFB,S2B_T37SFB_20190808T080622_L2A,S2A_T37SFB_20190813T075612_L2A
s5_00219,train,pazarcik_maras,36.925194,37.30029,32637,314830.0 4128920.0 317390.0 4131480.0,37SCB,S2B_T37SCB_20230714T081717_L2A,S2A_T37SCB_20230719T082252_L2A
s5_00220,train,suruc,38.555563,36.941706,32637,459150.0 4087220.0 461710.0 4089780.0,37SDA,S2B_T37SDA_20200815T081240_L2A,S2B_T37SDA_20200825T081242_L2A
s5_00221,val,ceylanpinar,40.056921,36.901694,32637,592880.0 4083210.0 595440.0 4085770.0,37SEA,S2A_T37SEA_20200820T081651_L2A,S2B_T37SEA_20200825T081242_L2A
s5_00222,train,cukurova_adana,35.72186,36.91845,32637,206690.0 4089570.0 209250.0 4092130.0,37SBA,S2A_T37SBA_20230719T082252_L2A,S2B_T37SBA_20230724T082253_L2A
s5_00223,val,ceylanpinar,39.716384,36.739859,32637,562680.0 4064970.0 565240.0 4067530.0,37SEA,S2A_T37SEA_20250806T081636_L2A,S2C_T37SEA_20250814T081928_L2A
s5_00224,val,ceylanpinar,39.966108,36.757402,32637,584950.0 4067120.0 587510.0 4069680.0,37SEA,S2A_T37SEA_20200731T081835_L2A,S2A_T37SEA_20200810T081940_L2A
s5_00225,train,harran,39.209413,36.941993,32637,517370.0 4087180.0 519930.0 4089740.0,37SEA,S2A_T37SEA_20190826T081708_L2A,S2A_T37SEA_20190905T080606_L2A
s5_00226,train,pazarcik_maras,36.908315,37.391907,32637,313560.0 4139120.0 316120.0 4141680.0,37SCB,S2B_T37SCB_20250703T082924_L2A,S2C_T37SCB_20250708T082937_L2A
s5_00227,train,siverek_viransehir,39.496728,37.355316,32637,542710.0 4133130.0 545270.0 4135690.0,37SEB,S2B_T37SEB_20190722T081643_L2A,S2B_T37SEB_20190801T081001_L2A
s6_00000,train,mardin_kiziltepe,40.624643,37.157722,32637,642980.0 4112320.0 645540.0 4114880.0,37SFB,S2B_T37SFB_20230601T080808_L2A,S2B_T37SFB_20230608T080228_L2A
s6_00001,train,diyarbakir,40.092482,38.016962,32637,594620.0 4206980.0 597180.0 4209540.0,37SEC,S2B_T37SEC_20190930T081001_L2A,S2A_T37SEC_20191005T080814_L2A
s6_00002,train,harran,38.77576,36.88056,32637,478740.0 4080370.0 481300.0 4082930.0,37SDA,S2A_T37SDA_20250707T081606_L2A,S2A_T37SDA_20250717T081640_L2A
s6_00003,train,pazarcik_maras,36.870943,37.596996,32637,310770.0 4161950.0 313330.0 4164510.0,37SCB,S2B_T37SCB_20250901T082111_L2A,S2B_T37SCB_20250911T082043_L2A
s6_00004,train,suruc,38.595759,36.972361,32637,462740.0 4090600.0 465300.0 4093160.0,37SDA,S2A_T37SDA_20230527T081239_L2A,S2B_T37SDA_20230601T080808_L2A
s6_00005,train,suruc,38.31127,36.931374,32637,437380.0 4086200.0 439940.0 4088760.0,37SDA,S2A_T37SDA_20200830T081241_L2A,S2B_T37SDA_20200904T081239_L2A
s6_00006,train,suruc,38.520852,37.028293,32637,456100.0 4096840.0 458660.0 4099400.0,37SDB,S2B_T37SDB_20240605T081237_L2A,S2A_T37SDB_20240610T081009_L2A
s6_00007,val,amik_hatay,36.269801,36.223298,32636,792630.0 4012400.0 795190.0 4014960.0,36SYF,S2C_T36SYF_20250708T082937_L2A,S2B_T36SYF_20250713T082020_L2A
s6_00008,val,ceylanpinar,40.191555,36.73145,32637,605110.0 4064460.0 607670.0 4067020.0,37SEA,S2A_T37SEA_20190704T080540_L2A,S2B_T37SEA_20190712T081950_L2A
s6_00009,train,pazarcik_maras,36.989579,37.54566,32637,321120.0 4156030.0 323680.0 4158590.0,37SCB,S2C_T37SCB_20250827T082253_L2A,S2C_T37SCB_20250906T082934_L2A
s6_00010,train,harran,39.14562,37.073431,32637,511660.0 4101750.0 514220.0 4104310.0,37SEB,S2B_T37SEB_20200616T081731_L2A,S2B_T37SEB_20200626T081930_L2A
s6_00011,val,amik_hatay,36.276174,36.248418,32637,253970.0 4013660.0 256530.0 4016220.0,37SBA,S2B_T37SBA_20250713T082020_L2A,S2C_T37SBA_20250718T082959_L2A
s6_00012,train,cukurova_adana,35.775533,36.865519,32636,746140.0 4082270.0 748700.0 4084830.0,36SYF,S2A_T36SYF_20250620T082602_L2A,S2C_T36SYF_20250628T082957_L2A
s6_00013,train,harran,38.948969,36.862632,32637,494170.0 4078360.0 496730.0 4080920.0,37SDA,S2A_T37SDA_20230527T081239_L2A,S2A_T37SDA_20230606T081239_L2A
s6_00014,train,siverek_viransehir,39.560729,37.676381,32637,548170.0 4168780.0 550730.0 4171340.0,37SEB,S2B_T37SEB_20240814T080920_L2A,S2B_T37SEB_20240824T081408_L2A
s6_00015,train,suruc,38.43224,36.892064,32637,448130.0 4081770.0 450690.0 4084330.0,37SDA,S2B_T37SDA_20200616T081731_L2A,S2B_T37SDA_20200626T081930_L2A
s6_00016,train,suruc,38.388792,36.884729,32637,444250.0 4080980.0 446810.0 4083540.0,37SDA,S2A_T37SDA_20230815T081400_L2A,S2A_T37SDA_20230825T081418_L2A
s6_00017,train,pazarcik_maras,36.979056,37.469176,32637,320010.0 4147560.0 322570.0 4150120.0,37SCB,S2A_T37SCB_20240603T082744_L2A,S2B_T37SCB_20240608T082251_L2A
s6_00018,train,adiyaman_kahta,38.680691,37.693297,32637,470570.0 4170550.0 473130.0 4173110.0,37SDB,S2A_T37SDB_20250717T081640_L2A,S2A_T37SDB_20250727T081606_L2A
s6_00019,train,suruc,38.468405,36.934242,32637,451380.0 4086430.0 453940.0 4088990.0,37SDA,S2A_T37SDA_20240908T081155_L2A,S2B_T37SDA_20240913T081648_L2A
s6_00020,train,harran,39.210196,36.876484,32637,517450.0 4079910.0 520010.0 4082470.0,37SEA,S2B_T37SEA_20190702T081053_L2A,S2A_T37SEA_20190707T080857_L2A
s6_00021,train,mardin_kiziltepe,40.745298,37.19247,32637,653620.0 4116370.0 656180.0 4118930.0,37SFB,S2B_T37SFB_20190927T080155_L2A,S2B_T37SFB_20191007T080433_L2A
s6_00022,train,mardin_kiziltepe,40.506985,37.095788,32637,632640.0 4105280.0 635200.0 4107840.0,37SFB,S2A_T37SFB_20230703T080228_L2A,S2B_T37SFB_20230708T080228_L2A
s6_00023,val,amik_hatay,36.4824,36.377716,32637,272880.0 4027510.0 275440.0 4030070.0,37SBA,S2A_T37SBA_20190918T082614_L2A,S2A_T37SBA_20190928T082121_L2A
s6_00024,train,harran,39.086146,36.896234,32637,506400.0 4082080.0 508960.0 4084640.0,37SEA,S2B_T37SEA_20230731T081240_L2A,S2A_T37SEA_20230805T081222_L2A
s6_00025,train,mardin_kiziltepe,40.877494,37.00978,32637,665760.0 4096330.0 668320.0 4098890.0,37SFB,S2A_T37SFB_20230802T080228_L2A,S2A_T37SFB_20230812T080344_L2A
s6_00026,val,ceylanpinar,39.809532,36.885932,32637,570860.0 4081240.0 573420.0 4083800.0,37SEA,S2C_T37SEA_20250913T080955_L2A,S2B_T37SEA_20250918T081855_L2A
s6_00027,train,mardin_kiziltepe,40.78679,37.199632,32637,657290.0 4117230.0 659850.0 4119790.0,37SFB,S2A_T37SFB_20250604T080548_L2A,S2B_T37SFB_20250610T081711_L2A
s6_00028,val,ceylanpinar,39.839243,36.89489,32637,573500.0 4082260.0 576060.0 4084820.0,37SEA,S2B_T37SEA_20200815T081240_L2A,S2A_T37SEA_20200820T081651_L2A
s6_00029,train,siverek_viransehir,39.661062,37.734017,32637,556970.0 4175230.0 559530.0 4177790.0,37SEB,S2C_T37SEB_20250923T081607_L2A,S2C_T37SEB_20251003T080849_L2A
s6_00030,val,amik_hatay,36.503722,36.436727,32637,274960.0 4034010.0 277520.0 4036570.0,37SBA,S2A_T37SBA_20240703T082714_L2A,S2B_T37SBA_20240708T082149_L2A
s6_00031,train,harran,39.217888,36.987987,32637,518110.0 4092280.0 520670.0 4094840.0,37SEB,S2B_T37SEB_20230721T081241_L2A,S2A_T37SEB_20230726T081240_L2A
s6_00032,val,ceylanpinar,39.898225,36.783353,32637,578870.0 4069940.0 581430.0 4072500.0,37SEA,S2A_T37SEA_20230901T080717_L2A,S2B_T37SEA_20230909T080819_L2A
s6_00033,train,suruc,38.359104,36.904963,32637,441620.0 4083240.0 444180.0 4085800.0,37SDA,S2B_T37SDA_20200626T081930_L2A,S2B_T37SDA_20200706T081947_L2A
s6_00034,train,pazarcik_maras,36.962889,37.446968,32637,318520.0 4145130.0 321080.0 4147690.0,37SCB,S2A_T37SCB_20230510T082247_L2A,S2A_T37SCB_20230520T082250_L2A
s6_00035,train,suruc,38.485353,36.910479,32637,452870.0 4083790.0 455430.0 4086350.0,37SDA,S2B_T37SDA_20240605T081237_L2A,S2A_T37SDA_20240610T081009_L2A
s6_00036,val,ceylanpinar,40.040498,36.734599,32637,591620.0 4064660.0 594180.0 4067220.0,37SEA,S2B_T37SEA_20230601T080808_L2A,S2A_T37SEA_20230606T081239_L2A
s6_00037,train,adiyaman_kahta,38.706754,37.820305,32637,472910.0 4184640.0 475470.0 4187200.0,37SDB,S2B_T37SDB_20200914T081238_L2A,S2A_T37SDB_20200919T081243_L2A
s6_00038,val,ceylanpinar,39.811044,36.725247,32637,571140.0 4063420.0 573700.0 4065980.0,37SEA,S2C_T37SEA_20250503T075926_L2A,S2C_T37SEA_20250513T080240_L2A
s6_00039,train,pazarcik_maras,37.099877,37.5249,32637,330820.0 4153520.0 333380.0 4156080.0,37SCB,S2B_T37SCB_20240708T082149_L2A,S2B_T37SCB_20240718T081716_L2A
s6_00040,train,cukurova_adana,35.348538,36.921698,32636,707910.0 4087480.0 710470.0 4090040.0,36SYF,S2A_T36SYF_20250703T083633_L2A,S2B_T36SYF_20250713T082020_L2A
s6_00041,val,amik_hatay,36.261007,36.236419,32637,252570.0 4012370.0 255130.0 4014930.0,37SBA,S2B_T37SBA_20230902T082245_L2A,S2A_T37SBA_20230907T082047_L2A
s6_00042,train,diyarbakir,40.575099,37.984932,32637,637040.0 4204030.0 639600.0 4206590.0,37SFC,S2A_T37SFC_20200827T080229_L2A,S2A_T37SFC_20200906T080228_L2A
s6_00043,train,harran,38.97696,36.884185,32637,496670.0 4080750.0 499230.0 4083310.0,37SDA,S2B_T37SDA_20190702T081053_L2A,S2A_T37SDA_20190707T080857_L2A
s6_00044,train,suruc,38.474351,36.97184,32637,451930.0 4090600.0 454490.0 4093160.0,37SDB,S2B_T37SDB_20250819T081805_L2A,S2A_T37SDB_20250826T081635_L2A
s6_00045,train,diyarbakir,40.259574,37.797051,32637,609610.0 4182760.0 612170.0 4185320.0,37SFB,S2C_T37SFB_20250923T081607_L2A,S2C_T37SFB_20250930T080753_L2A
s6_00046,train,cukurova_adana,35.472496,36.996165,32636,718740.0 4096020.0 721300.0 4098580.0,36SYG,S2B_T36SYG_20250815T083308_L2A,S2B_T36SYG_20250822T082854_L2A
s6_00047,train,mardin_kiziltepe,40.807613,37.101216,32637,659350.0 4106350.0 661910.0 4108910.0,37SFB,S2A_T37SFB_20190803T080807_L2A,S2A_T37SFB_20190813T075612_L2A
s6_00048,train,adiyaman_kahta,38.370277,37.744396,32637,443240.0 4176360.0 445800.0 4178920.0,37SDB,S2B_T37SDB_20230601T080808_L2A,S2A_T37SDB_20230606T081239_L2A
s6_00049,train,harran,38.853587,37.058766,32637,485700.0 4100120.0 488260.0 4102680.0,37SDB,S2B_T37SDB_20190910T081913_L2A,S2A_T37SDB_20190915T080645_L2A
s6_00050,train,suruc,38.413848,37.002077,32637,446570.0 4093980.0 449130.0 4096540.0,37SDA,S2A_T37SDA_20190727T081534_L2A,S2A_T37SDA_20190806T080939_L2A
s6_00051,train,adiyaman_kahta,38.647946,37.702203,32637,467690.0 4171550.0 470250.0 4174110.0,37SDB,S2B_T37SDB_20190503T081052_L2A,S2B_T37SDB_20190513T080937_L2A
s6_00052,val,amik_hatay,36.323479,36.321976,32637,258450.0 4021710.0 261010.0 4024270.0,37SBA,S2A_T37SBA_20240723T082351_L2A,S2A_T37SBA_20240802T082131_L2A
s6_00053,train,harran,39.214536,36.796249,32637,517860.0 4071010.0 520420.0 4073570.0,37SEA,S2A_T37SEA_20240620T081529_L2A,S2B_T37SEA_20240625T081238_L2A
s6_00054,train,pazarcik_maras,36.971771,37.542318,32637,319540.0 4155690.0 322100.0 4158250.0,37SCB,S2B_T37SCB_20200927T081901_L2A,S2A_T37SCB_20201002T082254_L2A
s6_00055,train,harran,39.244321,36.939349,32637,520480.0 4086890.0 523040.0 4089450.0,37SEA,S2A_T37SEA_20250826T081635_L2A,S2A_T37SEA_20250905T081601_L2A
s6_00056,train,mardin_kiziltepe,40.78996,37.157653,32637,657660.0 4112580.0 660220.0 4115140.0,37SFB,S2A_T37SFB_20190515T080148_L2A,S2B_T37SFB_20190520T080019_L2A
s6_00057,train,mardin_kiziltepe,40.566491,37.055517,32637,638000.0 4100900.0 640560.0 4103460.0,37SFB,S2A_T37SFB_20200718T080349_L2A,S2B_T37SFB_20200726T080832_L2A
s6_00058,train,suruc,38.573591,36.987838,32637,460770.0 4092330.0 463330.0 4094890.0,37SDB,S2A_T37SDB_20240829T081516_L2A,S2B_T37SDB_20240903T081234_L2A
s6_00059,val,ceylanpinar,39.838157,36.947039,32637,573350.0 4088050.0 575910.0 4090610.0,37SEA,S2B_T37SEA_20200924T081136_L2A,S2A_T37SEA_20200929T081242_L2A
s6_00060,val,ceylanpinar,40.190283,36.810677,32637,604890.0 4073250.0 607450.0 4075810.0,37SEA,S2A_T37SEA_20230626T081239_L2A,S2B_T37SEA_20230701T081240_L2A
s6_00061,val,amik_hatay,36.337955,36.2707,32637,259590.0 4015980.0 262150.0 4018540.0,37SBA,S2B_T37SBA_20190725T082353_L2A,S2B_T37SBA_20190804T082330_L2A
s6_00062,val,amik_hatay,36.266653,36.426707,32637,253680.0 4033470.0 256240.0 4036030.0,37SBA,S2A_T37SBA_20190730T082509_L2A,S2B_T37SBA_20190804T082330_L2A
s6_00063,train,cukurova_adana,35.330385,36.834657,32636,706530.0 4077780.0 709090.0 4080340.0,36SXF,S2B_T36SXF_20250914T083807_L2A,S2A_T36SXF_20250921T083631_L2A
s6_00064,train,diyarbakir,40.203226,37.750171,32637,604720.0 4177500.0 607280.0 4180060.0,37SFB,S2C_T37SFB_20250801T080418_L2A,S2B_T37SFB_20250809T081103_L2A
s6_00065,train,siverek_viransehir,39.445615,37.598418,32637,538060.0 4160070.0 540620.0 4162630.0,37SEB,S2C_T37SEB_20250923T081607_L2A,S2C_T37SEB_20251003T080849_L2A
s6_00066,val,amik_hatay,36.345795,36.387411,32636,798840.0 4030840.0 801400.0 4033400.0,36SYF,S2B_T36SYF_20250623T082705_L2A,S2B_T36SYF_20250703T082924_L2A
s6_00067,train,suruc,38.564428,36.947627,32637,459940.0 4087870.0 462500.0 4090430.0,37SDA,S2A_T37SDA_20230924T081240_L2A,S2B_T37SDA_20230929T081237_L2A
s6_00068,train,adiyaman_kahta,38.607392,37.795596,32637,464150.0 4181930.0 466710.0 4184490.0,37SDB,S2A_T37SDB_20240730T081107_L2A,S2B_T37SDB_20240804T080922_L2A
s6_00069,train,suruc,38.579162,36.940926,32637,461250.0 4087120.0 463810.0 4089680.0,37SDA,S2A_T37SDA_20240720T081232_L2A,S2A_T37SDA_20240730T081107_L2A
s6_00070,train,adiyaman_kahta,38.724443,37.803071,32637,474460.0 4182720.0 477020.0 4185280.0,37SDB,S2A_T37SDB_20200611T081109_L2A,S2B_T37SDB_20200616T081731_L2A
s6_00071,train,siverek_viransehir,39.525828,37.613817,32637,545130.0 4161820.0 547690.0 4164380.0,37SEB,S2B_T37SEB_20200904T081239_L2A,S2A_T37SEB_20200909T081240_L2A
s6_00072,train,harran,39.052544,36.796696,32637,503410.0 4071040.0 505970.0 4073600.0,37SEA,S2A_T37SEA_20200731T081835_L2A,S2A_T37SEA_20200810T081940_L2A
s6_00073,train,mardin_kiziltepe,40.806973,37.026955,32637,659450.0 4098110.0 662010.0 4100670.0,37SFB,S2B_T37SFB_20190629T080033_L2A,S2A_T37SFB_20190704T080540_L2A
s6_00074,train,adiyaman_kahta,38.388703,37.780783,32637,444890.0 4180390.0 447450.0 4182950.0,37SDB,S2A_T37SDB_20240610T081009_L2A,S2B_T37SDB_20240618T081917_L2A
s6_00075,val,ceylanpinar,39.91526,36.911226,32637,580250.0 4084140.0 582810.0 4086700.0,37SEA,S2A_T37SEA_20230603T080227_L2A,S2B_T37SEA_20230608T080228_L2A
s6_00076,train,diyarbakir,40.325142,37.760219,32637,615440.0 4178760.0 618000.0 4181320.0,37SFB,S2B_T37SFB_20230827T075822_L2A,S2A_T37SFB_20230904T081016_L2A
s6_00077,train,harran,39.14151,36.849134,32637,511340.0 4076870.0 513900.0 4079430.0,37SEA,S2C_T37SEA_20251003T080849_L2A,S2B_T37SEA_20251008T081559_L2A
s6_00078,val,amik_hatay,36.374069,36.257687,32636,801880.0 4016530.0 804440.0 4019090.0,36SYF,S2B_T36SYF_20240708T082149_L2A,S2A_T36SYF_20240713T082612_L2A
s6_00079,train,suruc,38.399526,36.917843,32637,445230.0 4084650.0 447790.0 4087210.0,37SDA,S2A_T37SDA_20190806T080939_L2A,S2A_T37SDA_20190816T081333_L2A
s6_00080,val,ceylanpinar,40.208646,36.754076,32637,606610.0 4066990.0 609170.0 4069550.0,37SFA,S2A_T37SFA_20200718T080349_L2A,S2B_T37SFA_20200726T080832_L2A
s6_00081,train,harran,39.007887,36.768546,32637,499420.0 4067920.0 501980.0 4070480.0,37SDA,S2A_T37SDA_20240928T081237_L2A,S2B_T37SDA_20241003T081746_L2A
s6_00082,train,diyarbakir,40.406748,37.928543,32637,622350.0 4197540.0 624910.0 4200100.0,37SFC,S2B_T37SFC_20230827T075822_L2A,S2A_T37SFC_20230904T081016_L2A
s6_00083,train,adiyaman_kahta,38.345705,37.812093,32637,441130.0 4183890.0 443690.0 4186450.0,37SDB,S2B_T37SDB_20190725T082353_L2A,S2B_T37SDB_20190801T081001_L2A
s6_00084,train,harran,39.205363,36.973516,32637,517000.0 4090670.0 519560.0 4093230.0,37SEB,S2A_T37SEB_20190518T081906_L2A,S2A_T37SEB_20190528T081105_L2A
s6_00085,train,cukurova_adana,35.725445,36.860385,32636,741690.0 4081570.0 744250.0 4084130.0,36SYF,S2A_T36SYF_20200704T081759_L2A,S2A_T36SYF_20200714T081911_L2A
s6_00086,train,adiyaman_kahta,38.440434,37.74183,32637,449420.0 4176040.0 451980.0 4178600.0,37SDB,S2A_T37SDB_20240620T081529_L2A,S2B_T37SDB_20240625T081238_L2A
s6_00087,train,siverek_viransehir,39.695737,37.432617,32637,560270.0 4141810.0 562830.0 4144370.0,37SEB,S2B_T37SEB_20190722T081643_L2A,S2B_T37SEB_20190801T081001_L2A
s6_00088,train,suruc,38.467386,36.891581,32637,451260.0 4081700.0 453820.0 4084260.0,37SDA,S2B_T37SDA_20190602T081055_L2A,S2B_T37SDA_20190612T081952_L2A
s6_00089,val,amik_hatay,36.309871,36.325034,32636,795850.0 4023810.0 798410.0 4026370.0,36SYF,S2B_T36SYF_20240708T082149_L2A,S2B_T36SYF_20240718T082953_L2A
s6_00090,train,siverek_viransehir,39.33516,37.470497,32637,528360.0 4145840.0 530920.0 4148400.0,37SEB,S2B_T37SEB_20240814T080920_L2A,S2B_T37SEB_20240824T081408_L2A
s6_00091,train,suruc,38.345933,36.899027,32637,440450.0 4082590.0 443010.0 4085150.0,37SDA,S2B_T37SDA_20200527T081852_L2A,S2B_T37SDA_20200606T080814_L2A
s6_00092,val,ceylanpinar,40.166816,36.90443,32637,602670.0 4083630.0 605230.0 4086190.0,37SEA,S2B_T37SEA_20190622T081729_L2A,S2A_T37SEA_20190627T081353_L2A
s6_00093,train,mardin_kiziltepe,40.610973,37.165844,32637,641750.0 4113210.0 644310.0 4115770.0,37SFB,S2B_T37SFB_20200613T080027_L2A,S2B_T37SFB_20200623T080005_L2A
s6_00094,train,suruc,38.318423,37.048948,32637,438110.0 4099240.0 440670.0 4101800.0,37SDB,S2B_T37SDB_20190622T081729_L2A,S2A_T37SDB_20190627T081353_L2A
s6_00095,train,harran,38.913641,37.076488,32637,491040.0 4102080.0 493600.0 4104640.0,37SDB,S2A_T37SDB_20190806T080939_L2A,S2B_T37SDB_20190811T081315_L2A
s6_00096,train,mardin_kiziltepe,40.417128,36.960698,32637,624880.0 4090170.0 627440.0 4092730.0,37SFA,S2A_T37SFA_20250624T080546_L2A,S2A_T37SFA_20250704T080726_L2A
s6_00097,train,mardin_kiziltepe,40.867666,36.957023,32637,665000.0 4090450.0 667560.0 4093010.0,37SFA,S2A_T37SFA_20200529T080943_L2A,S2B_T37SFA_20200603T080844_L2A
s6_00098,train,harran,39.210214,36.911322,32637,517450.0 4083780.0 520010.0 4086340.0,37SEA,S2A_T37SEA_20230616T081830_L2A,S2B_T37SEA_20230621T081239_L2A
s6_00099,train,cukurova_adana,35.724369,36.811482,32636,741750.0 4076140.0 744310.0 4078700.0,36SYF,S2B_T36SYF_20250921T082228_L2A,S2A_T36SYF_20250928T082857_L2A
s6_00100,train,suruc,38.347794,36.87106,32637,440590.0 4079490.0 443150.0 4082050.0,37SDA,S2A_T37SDA_20200731T081835_L2A,S2B_T37SDA_20200805T080906_L2A
s6_00101,train,harran,39.064875,37.063049,32637,504490.0 4100590.0 507050.0 4103150.0,37SEB,S2A_T37SEB_20240521T081438_L2A,S2A_T37SEB_20240531T081516_L2A
s6_00102,train,adiyaman_kahta,38.585353,37.746185,32637,462190.0 4176460.0 464750.0 4179020.0,37SDB,S2B_T37SDB_20250928T080851_L2A,S2C_T37SDB_20251003T080849_L2A
s6_00103,train,suruc,38.34952,36.865555,32637,440740.0 4078880.0 443300.0 4081440.0,37SDA,S2A_T37SDA_20240531T081516_L2A,S2A_T37SDA_20240610T081009_L2A
s6_00104,train,suruc,38.411329,36.964944,32637,446320.0 4089870.0 448880.0 4092430.0,37SDA,S2B_T37SDA_20200726T080832_L2A,S2A_T37SDA_20200731T081835_L2A
s6_00105,train,siverek_viransehir,39.508246,37.590651,32637,543590.0 4159240.0 546150.0 4161800.0,37SEB,S2A_T37SEB_20230904T081016_L2A,S2A_T37SEB_20230914T081138_L2A
s6_00106,train,harran,39.064331,37.033771,32637,504440.0 4097340.0 507000.0 4099900.0,37SEA,S2A_T37SEA_20230924T081240_L2A,S2A_T37SEA_20231004T081240_L2A
s6_00107,train,mardin_kiziltepe,40.511116,37.064477,32637,633060.0 4101810.0 635620.0 4104370.0,37SFB,S2B_T37SFB_20250627T080848_L2A,S2B_T37SFB_20250707T080226_L2A
s6_00108,train,diyarbakir,40.012228,37.930862,32637,587680.0 4197350.0 590240.0 4199910.0,37SEB,S2A_T37SEB_20190607T080937_L2A,S2A_T37SEB_20190617T081102_L2A
s6_00109,train,pazarcik_maras,37.098689,37.529099,32637,330720.0 4153990.0 333280.0 4156550.0,37SCB,S2A_T37SCB_20200922T082255_L2A,S2A_T37SCB_20201002T082254_L2A
s6_00110,val,ceylanpinar,40.163595,36.890342,32637,602400.0 4082060.0 604960.0 4084620.0,37SEA,S2B_T37SEA_20240612T080747_L2A,S2A_T37SEA_20240620T081529_L2A
s6_00111,train,suruc,38.405259,36.996593,32637,445800.0 4093380.0 448360.0 4095940.0,37SDA,S2A_T37SDA_20240908T081155_L2A,S2A_T37SDA_20240918T081428_L2A
s6_00112,train,pazarcik_maras,36.911226,37.367708,32637,313760.0 4136430.0 316320.0 4138990.0,37SCB,S2A_T37SCB_20230709T082253_L2A,S2A_T37SCB_20230719T082252_L2A
s6_00113,train,harran,38.794927,36.762391,32637,480420.0 4067250.0 482980.0 4069810.0,37SDA,S2C_T37SDA_20250605T080756_L2A,S2B_T37SDA_20250610T081711_L2A
s6_00114,train,adiyaman_kahta,38.336694,37.804898,32637,440330.0 4183100.0 442890.0 4185660.0,37SDB,S2B_T37SDB_20250713T082020_L2A,S2A_T37SDB_20250717T081640_L2A
s6_00115,train,suruc,38.315308,36.85442,32637,437680.0 4077660.0 440240.0 4080220.0,37SDA,S2B_T37SDA_20190920T081423_L2A,S2B_T37SDA_20190930T081001_L2A
s6_00116,train,adiyaman_kahta,38.545653,37.740391,32637,458690.0 4175830.0 461250.0 4178390.0,37SDB,S2B_T37SDB_20240705T081239_L2A,S2B_T37SDB_20240715T081238_L2A
s6_00117,train,harran,39.01718,36.910786,32637,500250.0 4083700.0 502810.0 4086260.0,37SEA,S2A_T37SEA_20240620T081529_L2A,S2A_T37SEA_20240630T081901_L2A
s6_00118,train,harran,38.964899,36.874,32637,495590.0 4079620.0 498150.0 4082180.0,37SDA,S2B_T37SDA_20250928T080851_L2A,S2C_T37SDA_20251003T080849_L2A
s6_00119,train,cukurova_adana,35.428948,36.825161,32636,715350.0 4076950.0 717910.0 4079510.0,36SYF,S2A_T36SYF_20230712T083803_L2A,S2A_T36SYF_20230722T083712_L2A
s6_00120,train,diyarbakir,40.525703,37.872305,32637,632910.0 4191460.0 635470.0 4194020.0,37SFC,S2A_T37SFC_20230914T081138_L2A,S2A_T37SFC_20230924T081240_L2A
s6_00121,train,siverek_viransehir,39.415514,37.537027,32637,535430.0 4153250.0 537990.0 4155810.0,37SEB,S2B_T37SEB_20200825T081242_L2A,S2B_T37SEB_20200904T081239_L2A
s6_00122,train,siverek_viransehir,39.424178,37.401947,32637,536260.0 4138270.0 538820.0 4140830.0,37SEB,S2A_T37SEB_20230805T081222_L2A,S2A_T37SEB_20230815T081400_L2A
s6_00123,val,ceylanpinar,39.926697,36.710133,32637,581490.0 4061840.0 584050.0 4064400.0,37SEA,S2A_T37SEA_20230726T081240_L2A,S2B_T37SEA_20230731T081240_L2A
s6_00124,train,adiyaman_kahta,38.696358,37.751417,32637,471970.0 4177000.0 474530.0 4179560.0,37SDB,S2A_T37SDB_20190607T080937_L2A,S2A_T37SDB_20190617T081102_L2A
s6_00125,train,pazarcik_maras,37.007658,37.595669,32637,322830.0 4161540.0 325390.0 4164100.0,37SCB,S2B_T37SCB_20240718T081716_L2A,S2A_T37SCB_20240723T082351_L2A
s6_00126,train,mardin_kiziltepe,40.467196,37.060966,32637,629160.0 4101360.0 631720.0 4103920.0,37SFB,S2B_T37SFB_20240605T081237_L2A,S2B_T37SFB_20240615T081238_L2A
s6_00127,train,harran,38.932934,36.931381,32637,492750.0 4085980.0 495310.0 4088540.0,37SDA,S2B_T37SDA_20190722T081643_L2A,S2B_T37SDA_20190801T081001_L2A
s6_00128,val,ceylanpinar,39.748641,36.829556,32637,565480.0 4074950.0 568040.0 4077510.0,37SEA,S2A_T37SEA_20230815T081400_L2A,S2B_T37SEA_20230820T080823_L2A
s6_00129,train,siverek_viransehir,39.800648,37.748684,32637,569250.0 4176950.0 571810.0 4179510.0,37SEB,S2B_T37SEB_20240923T080834_L2A,S2A_T37SEB_20240928T081237_L2A
s6_00130,train,siverek_viransehir,39.655384,37.731607,32637,556470.0 4174960.0 559030.0 4177520.0,37SEB,S2A_T37SEB_20190925T080817_L2A,S2A_T37SEB_20191005T080814_L2A
s6_00131,train,adiyaman_kahta,38.561624,37.753199,32637,460100.0 4177240.0 462660.0 4179800.0,37SDB,S2B_T37SDB_20250720T081820_L2A,S2B_T37SDB_20250730T080847_L2A
s6_00132,train,adiyaman_kahta,38.648916,37.694827,32637,467770.0 4170730.0 470330.0 4173290.0,37SDB,S2A_T37SDB_20190816T081333_L2A,S2B_T37SDB_20190821T081049_L2A
s6_00133,train,cukurova_adana,35.319842,36.855999,32636,705540.0 4080130.0 708100.0 4082690.0,36SXF,S2A_T36SXF_20230712T083803_L2A,S2A_T36SXF_20230719T082252_L2A
s6_00134,train,adiyaman_kahta,38.596744,37.811427,32637,463220.0 4183690.0 465780.0 4186250.0,37SDB,S2B_T37SDB_20200606T080814_L2A,S2A_T37SDB_20200611T081109_L2A
s6_00135,val,amik_hatay,36.516389,36.239715,32637,275540.0 4012120.0 278100.0 4014680.0,37SBA,S2A_T37SBA_20200714T081911_L2A,S2B_T37SBA_20200719T082722_L2A
s6_00136,train,harran,38.730722,37.064707,32637,474780.0 4100800.0 477340.0 4103360.0,37SDB,S2A_T37SDB_20250627T081637_L2A,S2A_T37SDB_20250707T081606_L2A
s6_00137,train,harran,38.771806,37.013185,32637,478420.0 4095080.0 480980.0 4097640.0,37SDB,S2B_T37SDB_20230601T080808_L2A,S2A_T37SDB_20230606T081239_L2A
s6_00138,val,ceylanpinar,39.95877,36.812488,32637,584240.0 4073220.0 586800.0 4075780.0,37SEA,S2A_T37SEA_20251002T080446_L2A,S2C_T37SEA_20251010T075931_L2A
s6_00139,train,adiyaman_kahta,38.642567,37.722504,32637,467220.0 4173810.0 469780.0 4176370.0,37SDB,S2B_T37SDB_20200616T081731_L2A,S2B_T37SDB_20200626T081930_L2A
s6_00140,train,diyarbakir,40.533367,38.048583,32637,633260.0 4211040.0 635820.0 4213600.0,37SFC,S2B_T37SFC_20200606T080814_L2A,S2B_T37SFC_20200616T081731_L2A
s6_00141,train,suruc,38.427972,37.00547,32637,447830.0 4094350.0 450390.0 4096910.0,37SDB,S2A_T37SDB_20190806T080939_L2A,S2A_T37SDB_20190816T081333_L2A
s6_00142,val,ceylanpinar,39.856191,36.939412,32637,574960.0 4087210.0 577520.0 4089770.0,37SEA,S2B_T37SEA_20240804T080922_L2A,S2A_T37SEA_20240809T081710_L2A
s6_00143,val,amik_hatay,36.503661,36.323545,32637,274630.0 4021450.0 277190.0 4024010.0,37SBA,S2B_T37SBA_20240718T082953_L2A,S2B_T37SBA_20240728T082249_L2A
s6_00144,train,pazarcik_maras,36.922806,37.371336,32637,314790.0 4136810.0 317350.0 4139370.0,37SCB,S2B_T37SCB_20200510T082220_L2A,S2B_T37SCB_20200520T082634_L2A
s6_00145,train,suruc,38.366098,36.960563,32637,442290.0 4089410.0 444850.0 4091970.0,37SDA,S2B_T37SDA_20190821T081049_L2A,S2B_T37SDA_20190831T081707_L2A
s6_00146,train,siverek_viransehir,39.560544,37.631197,32637,548180.0 4163760.0 550740.0 4166320.0,37SEB,S2B_T37SEB_20190722T081643_L2A,S2A_T37SEB_20190727T081534_L2A
s6_00147,train,cukurova_adana,35.785036,37.046326,32636,746400.0 4102360.0 748960.0 4104920.0,36SYG,S2A_T36SYG_20230818T082902_L2A,S2B_T36SYG_20230823T082524_L2A
s6_00148,val,amik_hatay,36.446565,36.310992,32637,269470.0 4020190.0 272030.0 4022750.0,37SBA,S2A_T37SBA_20200803T082535_L2A,S2A_T37SBA_20200813T082427_L2A
s6_00149,train,mardin_kiziltepe,40.836509,37.161404,32637,661790.0 4113080.0 664350.0 4115640.0,37SFB,S2B_T37SFB_20240602T080224_L2A,S2A_T37SFB_20240607T080029_L2A
s6_00150,val,ceylanpinar,40.233412,36.761404,32637,608810.0 4067830.0 611370.0 4070390.0,37SFA,S2A_T37SFA_20240531T081516_L2A,S2B_T37SFA_20240605T081237_L2A
s6_00151,train,suruc,38.501583,36.961397,32637,454350.0 4089430.0 456910.0 4091990.0,37SDA,S2A_T37SDA_20200701T081414_L2A,S2B_T37SDA_20200706T081947_L2A
s6_00152,val,ceylanpinar,40.122228,36.894934,32637,598710.0 4082530.0 601270.0 4085090.0,37SEA,S2A_T37SEA_20200522T081832_L2A,S2A_T37SEA_20200601T081004_L2A
s6_00153,val,amik_hatay,36.544665,36.28567,32637,278210.0 4017150.0 280770.0 4019710.0,37SBA,S2A_T37SBA_20200704T081759_L2A,S2B_T37SBA_20200709T081951_L2A
s6_00154,train,adiyaman_kahta,38.721126,37.691117,32637,474130.0 4170300.0 476690.0 4172860.0,37SDB,S2B_T37SDB_20240605T081237_L2A,S2A_T37SDB_20240610T081009_L2A
s6_00155,train,harran,39.029837,36.816715,32637,501380.0 4073260.0 503940.0 4075820.0,37SEA,S2A_T37SEA_20190905T080606_L2A,S2A_T37SEA_20190915T080645_L2A
s6_00156,train,mardin_kiziltepe,40.796875,37.006738,32637,658590.0 4095850.0 661150.0 4098410.0,37SFA,S2A_T37SFA_20250704T080726_L2A,S2A_T37SFA_20250714T080550_L2A
s6_00157,train,siverek_viransehir,39.468607,37.631494,32637,540070.0 4163750.0 542630.0 4166310.0,37SEB,S2B_T37SEB_20190920T081423_L2A,S2B_T37SEB_20190930T081001_L2A
s6_00158,train,siverek_viransehir,39.608146,37.354313,32637,552580.0 4133070.0 555140.0 4135630.0,37SEB,S2B_T37SEB_20200904T081239_L2A,S2B_T37SEB_20200914T081238_L2A
s6_00159,train,mardin_kiziltepe,40.828798,37.148386,32637,661130.0 4111620.0 663690.0 4114180.0,37SFB,S2B_T37SFB_20250826T080847_L2A,S2B_T37SFB_20250905T080743_L2A
s6_00160,train,diyarbakir,40.256622,38.014754,32637,609030.0 4206920.0 611590.0 4209480.0,37SFC,S2A_T37SFC_20190508T081533_L2A,S2A_T37SFC_20190518T081906_L2A
s6_00161,train,pazarcik_maras,36.986471,37.503719,32637,320740.0 4151380.0 323300.0 4153940.0,37SCB,S2A_T37SCB_20190928T082121_L2A,S2A_T37SCB_20191008T081828_L2A
s6_00162,train,adiyaman_kahta,38.485452,37.671408,32637,453340.0 4168200.0 455900.0 4170760.0,37SDB,S2A_T37SDB_20190905T080606_L2A,S2B_T37SDB_20190910T081913_L2A
s6_00163,val,amik_hatay,36.545292,36.264126,32637,278200.0 4014760.0 280760.0 4017320.0,37SBA,S2A_T37SBA_20190809T081759_L2A,S2A_T37SBA_20190819T082341_L2A
s6_00164,val,amik_hatay,36.395549,36.449702,32637,265300.0 4035700.0 267860.0 4038260.0,37SBA,S2B_T37SBA_20250822T082854_L2A,S2C_T37SBA_20250827T082955_L2A
s6_00165,train,cukurova_adana,35.749347,36.828623,32637,208800.0 4079510.0 211360.0 4082070.0,37SBA,S2A_T37SBA_20230818T082902_L2A,S2B_T37SBA_20230823T082524_L2A
s6_00166,train,cukurova_adana,35.769156,36.887247,32637,210790.0 4085960.0 213350.0 4088520.0,37SBA,S2A_T37SBA_20200813T082427_L2A,S2A_T37SBA_20200823T082256_L2A
s6_00167,train,suruc,38.584725,36.858848,32637,461700.0 4078010.0 464260.0 4080570.0,37SDA,S2B_T37SDA_20250730T080847_L2A,S2B_T37SDA_20250809T081103_L2A
s6_00168,train,mardin_kiziltepe,40.648946,37.184703,32637,645090.0 4115360.0 647650.0 4117920.0,37SFB,S2B_T37SFB_20190629T080033_L2A,S2B_T37SFB_20190709T080413_L2A
s6_00169,val,ceylanpinar,40.008435,36.843263,32637,588630.0 4076680.0 591190.0 4079240.0,37SEA,S2B_T37SEA_20190619T080944_L2A,S2A_T37SEA_20190627T081353_L2A
s6_00170,train,diyarbakir,40.471242,37.971793,32637,627940.0 4202430.0 630500.0 4204990.0,37SFC,S2A_T37SFC_20250707T081606_L2A,S2B_T37SFC_20250717T075857_L2A
s6_00171,train,cukurova_adana,35.335092,36.996326,32636,706510.0 4095730.0 709070.0 4098290.0,36SXF,S2A_T36SXF_20250713T083633_L2A,S2A_T36SXF_20250723T083950_L2A
s6_00172,train,adiyaman_kahta,38.721701,37.693799,32637,474180.0 4170600.0 476740.0 4173160.0,37SDB,S2A_T37SDB_20200929T081242_L2A,S2A_T37SDB_20201009T081242_L2A
s6_00173,train,diyarbakir,40.332127,37.952755,32637,615750.0 4200130.0 618310.0 4202690.0,37SFC,S2A_T37SFC_20230706T081241_L2A,S2A_T37SFC_20230713T080608_L2A
s6_00174,train,suruc,38.417685,36.966236,32637,446880.0 4090010.0 449440.0 4092570.0,37SDA,S2B_T37SDA_20230611T081240_L2A,S2A_T37SDA_20230616T081830_L2A
s6_00175,train,diyarbakir,40.337613,37.862117,32637,616380.0 4190080.0 618940.0 4192640.0,37SFB,S2C_T37SFB_20250831T080415_L2A,S2B_T37SFB_20250908T081715_L2A
s6_00176,val,ceylanpinar,40.277452,36.864909,32637,612590.0 4079370.0 615150.0 4081930.0,37SFA,S2A_T37SFA_20200701T081414_L2A,S2B_T37SFA_20200706T080814_L2A
s6_00177,val,amik_hatay,36.541222,36.369289,32637,278130.0 4026440.0 280690.0 4029000.0,37SBA,S2B_T37SBA_20200629T082209_L2A,S2A_T37SBA_20200704T081759_L2A
s6_00178,train,suruc,38.508053,36.900379,32637,454890.0 4082650.0 457450.0 4085210.0,37SDA,S2B_T37SDA_20230701T081240_L2A,S2A_T37SDA_20230706T081241_L2A
s6_00179,val,amik_hatay,36.353502,36.414047,32636,799430.0 4033820.0 801990.0 4036380.0,36SYF,S2A_T36SYF_20190720T081850_L2A,S2B_T36SYF_20190725T082353_L2A
s6_00180,train,adiyaman_kahta,38.50401,37.663003,32637,454970.0 4167260.0 457530.0 4169820.0,37SDB,S2B_T37SDB_20240605T081237_L2A,S2A_T37SDB_20240610T081009_L2A
s6_00181,val,amik_hatay,36.515807,36.380966,32637,275890.0 4027790.0 278450.0 4030350.0,37SBA,S2A_T37SBA_20240613T082254_L2A,S2B_T37SBA_20240618T081917_L2A
s6_00182,val,ceylanpinar,40.13904,36.803672,32637,600330.0 4072420.0 602890.0 4074980.0,37SFA,S2A_T37SFA_20190826T081708_L2A,S2A_T37SFA_20190902T080546_L2A
s6_00183,val,ceylanpinar,39.719824,36.738586,32637,562990.0 4064830.0 565550.0 4067390.0,37SEA,S2B_T37SEA_20200716T081121_L2A,S2B_T37SEA_20200726T080832_L2A
s6_00184,val,amik_hatay,36.494548,36.27418,32637,273670.0 4015990.0 276230.0 4018550.0,37SBA,S2A_T37SBA_20190809T081759_L2A,S2A_T37SBA_20190819T082341_L2A
s6_00185,val,ceylanpinar,40.175673,36.832324,32637,603560.0 4075640.0 606120.0 4078200.0,37SFA,S2B_T37SFA_20200713T075928_L2A,S2B_T37SFA_20200723T080317_L2A
s6_00186,train,harran,39.252683,36.884283,32637,521240.0 4080790.0 523800.0 4083350.0,37SEA,S2A_T37SEA_20230616T081830_L2A,S2A_T37SEA_20230626T081239_L2A
s6_00187,train,harran,39.195634,36.776408,32637,516180.0 4068810.0 518740.0 4071370.0,37SEA,S2B_T37SEA_20240705T081239_L2A,S2A_T37SEA_20240710T081552_L2A
s6_00188,val,amik_hatay,36.310122,36.219493,32637,256930.0 4010370.0 259490.0 4012930.0,37SBA,S2A_T37SBA_20230818T082902_L2A,S2B_T37SBA_20230823T082524_L2A
s6_00189,train,suruc,38.549414,36.850258,32637,458550.0 4077080.0 461110.0 4079640.0,37SDA,S2B_T37SDA_20240814T080920_L2A,S2B_T37SDA_20240824T081408_L2A
s6_00190,train,pazarcik_maras,37.008982,37.576862,32637,322910.0 4159450.0 325470.0 4162010.0,37SCB,S2A_T37SCB_20250730T082900_L2A,S2C_T37SCB_20250807T082249_L2A
s6_00191,train,siverek_viransehir,39.632254,37.398064,32637,554680.0 4137940.0 557240.0 4140500.0,37SEB,S2C_T37SEB_20250903T080851_L2A,S2B_T37SEB_20250908T081715_L2A
s6_00192,val,ceylanpinar,40.028435,36.860854,32637,590390.0 4078650.0 592950.0 4081210.0,37SEA,S2B_T37SEA_20190702T081053_L2A,S2B_T37SEA_20190709T080413_L2A
s6_00193,train,diyarbakir,40.168273,37.84066,32637,601510.0 4187500.0 604070.0 4190060.0,37SEB,S2B_T37SEB_20200613T080027_L2A,S2B_T37SEB_20200623T080005_L2A
s6_00194,val,amik_hatay,36.506947,36.316409,32637,274910.0 4020650.0 277470.0 4023210.0,37SBA,S2B_T37SBA_20240708T082149_L2A,S2A_T37SBA_20240713T082612_L2A
s6_00195,train,adiyaman_kahta,38.600031,37.689545,32637,463460.0 4170170.0 466020.0 4172730.0,37SDB,S2B_T37SDB_20200616T081731_L2A,S2B_T37SDB_20200626T081930_L2A
s6_00196,train,harran,39.26835,36.751801,32637,522670.0 4066090.0 525230.0 4068650.0,37SEA,S2A_T37SEA_20240521T081438_L2A,S2A_T37SEA_20240531T081516_L2A
s6_00197,train,adiyaman_kahta,38.553195,37.657553,32637,459310.0 4166630.0 461870.0 4169190.0,37SDB,S2B_T37SDB_20230601T080808_L2A,S2A_T37SDB_20230606T081239_L2A
s6_00198,train,siverek_viransehir,39.480132,37.641339,32637,541080.0 4164850.0 543640.0 4167410.0,37SEB,S2B_T37SEB_20190920T081423_L2A,S2A_T37SEB_20190925T080817_L2A
s6_00199,train,siverek_viransehir,39.338898,37.443422,32637,528700.0 4142840.0 531260.0 4145400.0,37SEB,S2A_T37SEB_20230904T081016_L2A,S2B_T37SEB_20230909T080819_L2A
s6_00200,train,mardin_kiziltepe,40.463135,37.106687,32637,628730.0 4106430.0 631290.0 4108990.0,37SFB,S2A_T37SFB_20200926T080229_L2A,S2B_T37SFB_20201001T080229_L2A
s6_00201,train,adiyaman_kahta,38.368492,37.740192,32637,443080.0 4175900.0 445640.0 4178460.0,37SDB,S2B_T37SDB_20190920T081423_L2A,S2A_T37SDB_20190925T080817_L2A
s6_00202,val,amik_hatay,36.304242,36.28367,32637,256600.0 4017500.0 259160.0 4020060.0,37SBA,S2B_T37SBA_20200927T081901_L2A,S2B_T37SBA_20201007T082035_L2A
s6_00203,train,harran,39.013558,36.858101,32637,499930.0 4077850.0 502490.0 4080410.0,37SEA,S2A_T37SEA_20230924T081240_L2A,S2A_T37SEA_20231004T081240_L2A
s6_00204,val,amik_hatay,36.499195,36.309957,32637,274190.0 4019950.0 276750.0 4022510.0,37SBA,S2A_T37SBA_20240723T082351_L2A,S2B_T37SBA_20240728T082249_L2A
s6_00205,train,cukurova_adana,35.44118,36.87222,32636,716310.0 4082200.0 718870.0 4084760.0,36SYF,S2A_T36SYF_20230722T083712_L2A,S2A_T36SYF_20230729T082253_L2A
s6_00206,val,ceylanpinar,39.903673,36.886802,32637,579250.0 4081420.0 581810.0 4083980.0,37SEA,S2C_T37SEA_20250930T080753_L2A,S2B_T37SEA_20251005T080907_L2A
s6_00207,train,diyarbakir,40.445066,37.975632,32637,625640.0 4202820.0 628200.0 4205380.0,37SFC,S2A_T37SFC_20230815T081400_L2A,S2A_T37SFC_20230825T081418_L2A
s6_00208,val,ceylanpinar,40.279916,36.908069,32637,612740.0 4084160.0 615300.0 4086720.0,37SFA,S2B_T37SFA_20230708T080228_L2A,S2B_T37SFA_20230718T080228_L2A
s6_00209,val,ceylanpinar,40.114433,36.78169,32637,598160.0 4069950.0 600720.0 4072510.0,37SEA,S2B_T37SEA_20230611T081240_L2A,S2B_T37SEA_20230618T080227_L2A
s6_00210,val,amik_hatay,36.475197,36.266303,32637,271910.0 4015160.0 274470.0 4017720.0,37SBA,S2B_T37SBA_20200818T082854_L2A,S2A_T37SBA_20200823T082256_L2A
s6_00211,train,adiyaman_kahta,38.351339,37.68292,32637,441520.0 4169550.0 444080.0 4172110.0,37SDB,S2A_T37SDB_20200823T082256_L2A,S2A_T37SDB_20200830T081241_L2A
s6_00212,train,pazarcik_maras,36.987394,37.562594,32637,320960.0 4157910.0 323520.0 4160470.0,37SCB,S2B_T37SCB_20190615T082515_L2A,S2B_T37SCB_20190625T082241_L2A
s6_00213,val,amik_hatay,36.401737,36.269022,32637,265320.0 4015640.0 267880.0 4018200.0,37SBA,S2B_T37SBA_20190824T082450_L2A,S2B_T37SBA_20190903T082355_L2A
s6_00214,train,diyarbakir,40.05004,37.776117,32637,591190.0 4180210.0 593750.0 4182770.0,37SEB,S2A_T37SEB_20230924T081240_L2A,S2B_T37SEB_20230929T081237_L2A
s6_00215,train,diyarbakir,40.56908,38.018625,32637,636450.0 4207760.0 639010.0 4210320.0,37SFC,S2B_T37SFC_20190503T081052_L2A,S2B_T37SFC_20190513T080937_L2A
s6_00216,train,diyarbakir,40.385445,37.795153,32637,620700.0 4182710.0 623260.0 4185270.0,37SFB,S2B_T37SFB_20250905T080743_L2A,S2C_T37SFB_20250910T080306_L2A
s6_00217,train,cukurova_adana,35.382833,36.827687,32636,711230.0 4077130.0 713790.0 4079690.0,36SYF,S2B_T36SYF_20230922T082716_L2A,S2B_T36SYF_20231002T082806_L2A
s6_00218,train,cukurova_adana,35.429691,36.855815,32636,715330.0 4080350.0 717890.0 4082910.0,36SYF,S2A_T36SYF_20250620T082602_L2A,S2C_T36SYF_20250628T082957_L2A
s6_00219,train,suruc,38.308032,37.001966,32637,437150.0 4094030.0 439710.0 4096590.0,37SDB,S2A_T37SDB_20190905T080606_L2A,S2B_T37SDB_20190910T081913_L2A
s6_00220,train,harran,38.951364,37.015436,32637,494390.0 4095310.0 496950.0 4097870.0,37SDA,S2A_T37SDA_20190617T081102_L2A,S2B_T37SDA_20190622T081729_L2A
s6_00221,train,adiyaman_kahta,38.392175,37.805418,32637,445210.0 4183120.0 447770.0 4185680.0,37SDB,S2C_T37SDB_20250725T081906_L2A,S2C_T37SDB_20250804T081005_L2A
s6_00222,train,adiyaman_kahta,38.725868,37.772371,32637,474580.0 4179310.0 477140.0 4181870.0,37SDB,S2B_T37SDB_20240605T081237_L2A,S2A_T37SDB_20240610T081009_L2A
s6_00223,val,ceylanpinar,40.136236,36.826922,32637,600050.0 4074990.0 602610.0 4077550.0,37SEA,S2B_T37SEA_20250918T081855_L2A,S2C_T37SEA_20250923T081607_L2A
s6_00224,train,suruc,38.488553,37.008511,32637,453220.0 4094660.0 455780.0 4097220.0,37SDB,S2A_T37SDB_20230904T081016_L2A,S2B_T37SDB_20230909T080819_L2A
s6_00225,train,suruc,38.400207,36.964063,32637,445330.0 4089770.0 447890.0 4092330.0,37SDA,S2A_T37SDA_20230904T081016_L2A,S2B_T37SDA_20230909T080819_L2A
s6_00226,train,harran,39.158878,36.754325,32637,512900.0 4066350.0 515460.0 4068910.0,37SEA,S2B_T37SEA_20230919T081455_L2A,S2A_T37SEA_20230924T081240_L2A
s6_00227,val,amik_hatay,36.272333,36.281517,32637,253730.0 4017350.0 256290.0 4019910.0,37SBA,S2B_T37SBA_20230902T082245_L2A,S2A_T37SBA_20230907T082047_L2A
s6_00228,train,adiyaman_kahta,38.520458,37.833473,32637,456520.0 4186170.0 459080.0 4188730.0,37SDB,S2B_T37SDB_20250819T081805_L2A,S2B_T37SDB_20250829T080834_L2A
s6_00229,train,mardin_kiziltepe,40.496628,37.104627,32637,631710.0 4106250.0 634270.0 4108810.0,37SFB,S2A_T37SFB_20250525T080724_L2A,S2B_T37SFB_20250531T081630_L2A
s6_00230,train,harran,38.879381,37.023671,32637,487990.0 4096230.0 490550.0 4098790.0,37SDA,S2B_T37SDA_20200716T081121_L2A,S2A_T37SDA_20200721T081831_L2A
s6_00231,train,adiyaman_kahta,38.691304,37.79257,32637,471540.0 4181570.0 474100.0 4184130.0,37SDB,S2B_T37SDB_20250928T080851_L2A,S2B_T37SDB_20251008T081559_L2A
narli_event,test,,37.130123,37.350183,32637,333100.0 4134080.0 335660.0 4136640.0,37SCB,S2A_T37SCB_20180615T082648_L2A,S2B_T37SCB_20180620T082314_L2A
narli_null00,test,,37.130123,37.350183,32637,333100.0 4134080.0 335660.0 4136640.0,37SCB,S2A_37SCB_20180516_0_L2A,S2B_37SCB_20180521_0_L2A
narli_null01,test,,37.130123,37.350183,32637,333100.0 4134080.0 335660.0 4136640.0,37SCB,S2B_37SCB_20180521_0_L2A,S2A_37SCB_20180526_0_L2A
narli_null02,test,,37.130123,37.350183,32637,333100.0 4134080.0 335660.0 4136640.0,37SCB,S2A_37SCB_20180526_0_L2A,S2B_T37SCB_20180531T082033_L2A
narli_null03,test,,37.130123,37.350183,32637,333100.0 4134080.0 335660.0 4136640.0,37SCB,S2B_T37SCB_20180531T082033_L2A,S2A_37SCB_20180605_0_L2A
narli_null04,test,,37.130123,37.350183,32637,333100.0 4134080.0 335660.0 4136640.0,37SCB,S2A_37SCB_20180605_0_L2A,S2B_T37SCB_20180610T082117_L2A
narli_null05,test,,37.130123,37.350183,32637,333100.0 4134080.0 335660.0 4136640.0,37SCB,S2B_T37SCB_20180610T082117_L2A,S2A_T37SCB_20180615T082648_L2A
siverek_event,test,,39.241549,37.667333,32637,520020.0 4167650.0 522580.0 4170210.0,37SEB,S2A_T37SEB_20210805T081239_L2A,S2A_T37SEB_20210815T081239_L2A
siverek_null00,test,,39.241549,37.667333,32637,520020.0 4167650.0 522580.0 4170210.0,37SEB,S2A_T37SEB_20210507T081235_L2A,S2A_T37SEB_20210517T081236_L2A
siverek_null01,test,,39.241549,37.667333,32637,520020.0 4167650.0 522580.0 4170210.0,37SEB,S2A_T37SEB_20210517T081236_L2A,S2A_T37SEB_20210527T081237_L2A
siverek_null02,test,,39.241549,37.667333,32637,520020.0 4167650.0 522580.0 4170210.0,37SEB,S2A_T37SEB_20210527T081237_L2A,S2B_T37SEB_20210601T081237_L2A
siverek_null03,test,,39.241549,37.667333,32637,520020.0 4167650.0 522580.0 4170210.0,37SEB,S2B_T37SEB_20210601T081237_L2A,S2A_T37SEB_20210606T081237_L2A
siverek_null04,test,,39.241549,37.667333,32637,520020.0 4167650.0 522580.0 4170210.0,37SEB,S2A_T37SEB_20210606T081237_L2A,S2B_T37SEB_20210611T081237_L2A
siverek_null05,test,,39.241549,37.667333,32637,520020.0 4167650.0 522580.0 4170210.0,37SEB,S2B_T37SEB_20210611T081237_L2A,S2A_T37SEB_20210616T081537_L2A
siverek_null06,test,,39.241549,37.667333,32637,520020.0 4167650.0 522580.0 4170210.0,37SEB,S2A_T37SEB_20210616T081537_L2A,S2B_T37SEB_20210621T081237_L2A
siverek_null07,test,,39.241549,37.667333,32637,520020.0 4167650.0 522580.0 4170210.0,37SEB,S2B_T37SEB_20210621T081237_L2A,S2A_T37SEB_20210626T081238_L2A
siverek_null08,test,,39.241549,37.667333,32637,520020.0 4167650.0 522580.0 4170210.0,37SEB,S2A_T37SEB_20210626T081238_L2A,S2B_T37SEB_20210701T081237_L2A
siverek_null09,test,,39.241549,37.667333,32637,520020.0 4167650.0 522580.0 4170210.0,37SEB,S2B_T37SEB_20210701T081237_L2A,S2A_T37SEB_20210706T081239_L2A
siverek_null10,test,,39.241549,37.667333,32637,520020.0 4167650.0 522580.0 4170210.0,37SEB,S2A_T37SEB_20210706T081239_L2A,S2B_T37SEB_20210711T081238_L2A
siverek_null11,test,,39.241549,37.667333,32637,520020.0 4167650.0 522580.0 4170210.0,37SEB,S2B_T37SEB_20210711T081238_L2A,S2A_T37SEB_20210716T081240_L2A
siverek_null12,test,,39.241549,37.667333,32637,520020.0 4167650.0 522580.0 4170210.0,37SEB,S2A_T37SEB_20210716T081240_L2A,S2B_T37SEB_20210721T081238_L2A
siverek_null13,test,,39.241549,37.667333,32637,520020.0 4167650.0 522580.0 4170210.0,37SEB,S2B_T37SEB_20210721T081238_L2A,S2A_T37SEB_20210726T081240_L2A
siverek_null14,test,,39.241549,37.667333,32637,520020.0 4167650.0 522580.0 4170210.0,37SEB,S2A_T37SEB_20210726T081240_L2A,S2B_T37SEB_20210731T081238_L2A
siverek_null15,test,,39.241549,37.667333,32637,520020.0 4167650.0 522580.0 4170210.0,37SEB,S2B_T37SEB_20210731T081238_L2A,S2A_T37SEB_20210805T081239_L2A
f1_00000,fresh,cizre_silopi,42.276531,37.284019,32637,789210.0 4130130.0 791770.0 4132690.0,37SGB,S2B_T37SGB_20190917T080223_L2A,S2B_T37SGB_20190927T080155_L2A
f1_00001,fresh,barak,37.808322,36.983159,32637,392660.0 4092390.0 395220.0 4094950.0,37SCA,S2B_T37SCA_20240628T081737_L2A,S2A_T37SCA_20240703T082714_L2A
f1_00002,fresh,cizre_silopi,42.039359,37.230172,32638,236060.0 4123230.0 238620.0 4125790.0,38SKG,S2B_T38SKG_20240801T080223_L2A,S2A_T38SKG_20240806T080126_L2A
f1_00003,fresh,bismil,40.913095,37.946183,32637,666810.0 4200290.0 669370.0 4202850.0,37SFC,S2B_T37SFC_20190612T080819_L2A,S2B_T37SFC_20190619T075710_L2A
f1_00004,fresh,cizre_silopi,42.140455,37.245937,32637,777280.0 4125500.0 779840.0 4128060.0,37SGB,S2A_T37SGB_20190505T075613_L2A,S2B_T37SGB_20190510T080413_L2A
f1_00005,fresh,cizre_silopi,42.38807,37.223489,32637,799340.0 4123770.0 801900.0 4126330.0,37SGB,S2A_T37SGB_20240925T080226_L2A,S2A_T37SGB_20241005T080223_L2A
f1_00006,fresh,cizre_silopi,42.261787,37.26523,32638,255910.0 4126530.0 258470.0 4129090.0,38SKG,S2A_T38SKG_20200906T080228_L2A,S2A_T38SKG_20200916T080228_L2A
f1_00007,fresh,cizre_silopi,42.365316,37.242443,32638,265020.0 4123740.0 267580.0 4126300.0,38SKG,S2B_T38SKG_20240821T080719_L2A,S2B_T38SKG_20240831T080906_L2A
f1_00008,fresh,barak,37.997458,36.865863,32637,409360.0 4079180.0 411920.0 4081740.0,37SDA,S2B_T37SDA_20250524T082325_L2A,S2A_T37SDA_20250531T082620_L2A
f1_00009,fresh,bismil,40.722916,37.972394,32637,650050.0 4202870.0 652610.0 4205430.0,37SFC,S2B_T37SFC_20200805T080906_L2A,S2B_T37SFC_20200812T080220_L2A
f1_00010,fresh,barak,37.780748,37.012287,32637,390250.0 4095650.0 392810.0 4098210.0,37SCB,S2B_T37SCB_20190605T082136_L2A,S2B_T37SCB_20190615T082515_L2A
f1_00011,fresh,barak,38.040638,37.021704,32637,413380.0 4096430.0 415940.0 4098990.0,37SDB,S2B_T37SDB_20240906T082116_L2A,S2B_T37SDB_20240913T081648_L2A
f1_00012,fresh,cizre_silopi,42.202446,37.22583,32638,250520.0 4122310.0 253080.0 4124870.0,38SKG,S2A_T38SKG_20190724T080349_L2A,S2A_T38SKG_20190803T080807_L2A
f1_00013,fresh,barak,37.803689,36.916623,32637,392160.0 4085010.0 394720.0 4087570.0,37SCA,S2A_T37SCA_20191005T080814_L2A,S2B_T37SCA_20191010T081115_L2A
f1_00014,fresh,bismil,40.912224,37.804489,32637,667060.0 4184570.0 669620.0 4187130.0,37SFB,S2B_T37SFB_20250521T081818_L2A,S2B_T37SFB_20250531T081630_L2A
f1_00015,fresh,cizre_silopi,42.348555,37.273869,32637,795630.0 4129230.0 798190.0 4131790.0,37SGB,S2A_T37SGB_20250525T080724_L2A,S2A_T37SGB_20250604T080548_L2A
f1_00016,fresh,cizre_silopi,42.212169,37.188594,32637,783860.0 4119350.0 786420.0 4121910.0,37SGB,S2A_T37SGB_20200827T080229_L2A,S2A_T37SGB_20200906T080228_L2A
f1_00017,fresh,cizre_silopi,42.16556,37.15052,32638,246990.0 4114050.0 249550.0 4116610.0,38SKG,S2A_T38SKG_20200916T080228_L2A,S2A_T38SKG_20200926T080229_L2A
f1_00018,fresh,bismil,40.648587,37.861758,32637,643740.0 4190480.0 646300.0 4193040.0,37SFC,S2A_T37SFC_20230626T081239_L2A,S2B_T37SFC_20230701T081240_L2A
f1_00019,fresh,bismil,40.931773,37.894436,32637,668580.0 4194580.0 671140.0 4197140.0,37SFB,S2A_T37SFB_20200718T080349_L2A,S2B_T37SFB_20200726T080832_L2A
f1_00020,fresh,bismil,41.052473,37.888345,32637,679200.0 4194130.0 681760.0 4196690.0,37SFC,S2B_T37SFC_20200812T080220_L2A,S2B_T37SFC_20200822T080227_L2A
f1_00021,fresh,bismil,40.90014,37.880038,32637,665830.0 4192930.0 668390.0 4195490.0,37SFC,S2A_T37SFC_20200512T081107_L2A,S2B_T37SFC_20200517T081608_L2A
f1_00022,fresh,cizre_silopi,42.432659,37.329608,32638,271260.0 4133250.0 273820.0 4135810.0,38SKG,S2A_T38SKG_20200529T075615_L2A,S2A_T38SKG_20200608T080252_L2A
f1_00023,fresh,cizre_silopi,42.41703,37.295152,32638,269770.0 4129460.0 272330.0 4132020.0,38SKG,S2B_T38SKG_20230718T080228_L2A,S2A_T38SKG_20230723T080227_L2A
f1_00024,fresh,bismil,40.824473,37.941228,32637,659040.0 4199580.0 661600.0 4202140.0,37SFC,S2B_T37SFC_20250710T081528_L2A,S2A_T37SFC_20250714T080550_L2A
f1_00025,fresh,barak,37.790896,36.899095,32637,390990.0 4083080.0 393550.0 4085640.0,37SCA,S2B_T37SCA_20240529T082855_L2A,S2A_T37SCA_20240603T082744_L2A
f1_00026,fresh,cizre_silopi,42.205242,37.25267,32637,783000.0 4126440.0 785560.0 4129000.0,37SGB,S2A_T37SGB_20190803T080807_L2A,S2B_T37SGB_20190808T080622_L2A
f1_00027,fresh,bismil,41.081874,37.965581,32637,681600.0 4202760.0 684160.0 4205320.0,37SFC,S2A_T37SFC_20230822T080616_L2A,S2B_T37SFC_20230827T075822_L2A
f1_00028,fresh,cizre_silopi,42.057656,37.183058,32638,237520.0 4117960.0 240080.0 4120520.0,38SKG,S2B_T38SKG_20200802T080426_L2A,S2A_T38SKG_20200807T080824_L2A
f1_00029,fresh,cizre_silopi,42.094848,37.300062,32638,241220.0 4130840.0 243780.0 4133400.0,38SKG,S2B_T38SKG_20230718T080228_L2A,S2B_T38SKG_20230728T080228_L2A
f1_00030,fresh,cizre_silopi,42.112371,37.181924,32638,242370.0 4117680.0 244930.0 4120240.0,38SKG,S2B_T38SKG_20230728T080228_L2A,S2A_T38SKG_20230802T080228_L2A
f1_00031,fresh,bismil,40.703609,37.826608,32637,648650.0 4186660.0 651210.0 4189220.0,37SFB,S2A_T37SFB_20230825T081418_L2A,S2A_T37SFB_20230901T080717_L2A
f1_00032,fresh,barak,37.97134,36.9341,32637,407110.0 4086780.0 409670.0 4089340.0,37SCA,S2B_T37SCA_20250623T082705_L2A,S2B_T37SCA_20250703T082924_L2A
f1_00033,fresh,cizre_silopi,42.1957,37.30308,32638,250170.0 4130900.0 252730.0 4133460.0,38SKG,S2C_T38SKG_20250622T080242_L2A,S2B_T38SKG_20250627T080848_L2A
f1_00034,fresh,bismil,41.075732,37.964345,32637,681060.0 4202610.0 683620.0 4205170.0,37SFC,S2A_T37SFC_20190922T080155_L2A,S2A_T37SFC_20191002T080653_L2A
f1_00035,fresh,barak,37.980105,36.993213,32637,407960.0 4093330.0 410520.0 4095890.0,37SDB,S2B_T37SDB_20190702T081053_L2A,S2B_T37SDB_20190712T081950_L2A
f1_00036,fresh,barak,37.753961,37.032873,32637,387900.0 4097960.0 390460.0 4100520.0,37SCB,S2A_T37SCB_20190915T080645_L2A,S2A_T37SCB_20190925T080817_L2A
f1_00037,fresh,barak,37.796282,37.033459,32637,391660.0 4097980.0 394220.0 4100540.0,37SCB,S2A_T37SCB_20200711T081106_L2A,S2B_T37SCB_20200716T081121_L2A
f1_00038,fresh,bismil,40.697417,37.888163,32637,647980.0 4193480.0 650540.0 4196040.0,37SFC,S2A_T37SFC_20230527T081239_L2A,S2B_T37SFC_20230601T080808_L2A
f1_00039,fresh,barak,37.866664,36.956618,32637,397820.0 4089380.0 400380.0 4091940.0,37SCA,S2C_T37SCA_20250923T081607_L2A,S2C_T37SCA_20251003T080849_L2A
f1_00040,fresh,cizre_silopi,42.243055,37.261484,32638,254230.0 4126160.0 256790.0 4128720.0,38SKG,S2B_T38SKG_20230628T080228_L2A,S2B_T38SKG_20230708T080228_L2A
f1_00041,fresh,bismil,41.017935,37.959784,32637,676000.0 4201990.0 678560.0 4204550.0,37SFC,S2A_T37SFC_20230815T081400_L2A,S2A_T37SFC_20230825T081418_L2A
f1_00042,fresh,bismil,40.885754,37.974463,32637,664350.0 4203380.0 666910.0 4205940.0,37SFC,S2B_T37SFC_20240702T080154_L2A,S2A_T37SFC_20240707T080223_L2A
f1_00043,fresh,bismil,40.99058,37.979549,32637,673540.0 4204140.0 676100.0 4206700.0,37SFC,S2A_T37SFC_20200929T081242_L2A,S2A_T37SFC_20201009T081242_L2A
f1_00044,fresh,bismil,40.979979,37.851313,32637,672920.0 4189890.0 675480.0 4192450.0,37SFB,S2A_T37SFB_20200601T081004_L2A,S2A_T37SFB_20200608T080252_L2A
f1_00045,fresh,bismil,40.992635,37.801962,32637,674150.0 4184430.0 676710.0 4186990.0,37SFB,S2A_T37SFB_20200810T081158_L2A,S2A_T37SFB_20200817T080824_L2A
f1_00046,fresh,barak,37.760342,36.929841,32637,388320.0 4086530.0 390880.0 4089090.0,37SCA,S2A_T37SCA_20190806T080939_L2A,S2B_T37SCA_20190811T081315_L2A
f1_00047,fresh,cizre_silopi,42.282147,37.159622,32638,257380.0 4114760.0 259940.0 4117320.0,38SKG,S2A_T38SKG_20250902T080722_L2A,S2C_T38SKG_20250910T080306_L2A
f1_00048,fresh,bismil,40.943459,37.886396,32637,669620.0 4193710.0 672180.0 4196270.0,37SFC,S2C_T37SFC_20250913T080955_L2A,S2C_T37SFC_20250923T081607_L2A
f1_00049,fresh,bismil,40.946746,37.892847,32637,669900.0 4194430.0 672460.0 4196990.0,37SFC,S2A_T37SFC_20190823T075643_L2A,S2B_T37SFC_20190828T080148_L2A
f2_00000,fresh,cizre_silopi,42.167352,37.199766,32638,247320.0 4119510.0 249880.0 4122070.0,38SKG,S2B_T38SKG_20240612T080747_L2A,S2B_T38SKG_20240622T080225_L2A
f2_00001,fresh,cizre_silopi,42.072332,37.291639,32637,771070.0 4130370.0 773630.0 4132930.0,37SGB,S2B_T37SGB_20250528T080847_L2A,S2A_T37SGB_20250604T080548_L2A
f2_00002,fresh,barak,37.867467,36.924672,32637,397850.0 4085840.0 400410.0 4088400.0,37SCA,S2A_T37SCA_20200813T082427_L2A,S2A_T37SCA_20200823T082256_L2A
f2_00003,fresh,bismil,40.881147,37.820091,32637,664290.0 4186240.0 666850.0 4188800.0,37SFB,S2A_T37SFB_20250604T080548_L2A,S2B_T37SFB_20250610T081711_L2A
f2_00004,fresh,barak,37.84534,37.018639,32637,396010.0 4096280.0 398570.0 4098840.0,37SCB,S2C_T37SCB_20250906T082934_L2A,S2C_T37SCB_20250913T080955_L2A
f2_00005,fresh,cizre_silopi,42.279995,37.306335,32637,789430.0 4132620.0 791990.0 4135180.0,37SGB,S2B_T37SGB_20240612T080747_L2A,S2B_T37SGB_20240622T080225_L2A
f2_00006,fresh,cizre_silopi,42.171249,37.330615,32638,248100.0 4134020.0 250660.0 4136580.0,38SKG,S2A_T38SKG_20200529T075615_L2A,S2A_T38SKG_20200608T080252_L2A
f2_00007,fresh,cizre_silopi,42.16749,37.269661,32637,779590.0 4128210.0 782150.0 4130770.0,37SGB,S2A_T37SGB_20200628T075614_L2A,S2B_T37SGB_20200703T075951_L2A
f2_00008,fresh,bismil,40.732597,37.807838,32637,651240.0 4184630.0 653800.0 4187190.0,37SFB,S2A_T37SFB_20200601T081004_L2A,S2A_T37SFB_20200608T080252_L2A
f2_00009,fresh,bismil,40.89684,37.861159,32637,665580.0 4190830.0 668140.0 4193390.0,37SFB,S2B_T37SFB_20250915T080243_L2A,S2C_T37SFB_20250920T080124_L2A
f2_00010,fresh,bismil,40.953959,37.982332,32637,670320.0 4204380.0 672880.0 4206940.0,37SFC,S2B_T37SFC_20250531T081630_L2A,S2C_T37SFC_20250605T080756_L2A
f2_00011,fresh,cizre_silopi,42.110195,37.212402,32637,774720.0 4121690.0 777280.0 4124250.0,37SGB,S2A_T37SGB_20230504T080223_L2A,S2A_T37SGB_20230514T080223_L2A
f2_00012,fresh,cizre_silopi,42.435006,37.178605,32637,803690.0 4118930.0 806250.0 4121490.0,37SGB,S2A_T37SGB_20240925T080226_L2A,S2B_T37SGB_20240930T080633_L2A
f2_00013,fresh,cizre_silopi,42.44857,37.201657,32637,804800.0 4121540.0 807360.0 4124100.0,37SGB,S2A_T37SGB_20240627T080223_L2A,S2A_T37SGB_20240707T080223_L2A
f2_00014,fresh,barak,38.003423,36.996548,32637,410040.0 4093670.0 412600.0 4096230.0,37SDA,S2B_T37SDA_20200527T081852_L2A,S2B_T37SDA_20200606T080814_L2A
f2_00015,fresh,cizre_silopi,42.336387,37.282782,32638,262580.0 4128290.0 265140.0 4130850.0,38SKG,S2B_T38SKG_20240712T080225_L2A,S2B_T38SKG_20240722T080226_L2A
f2_00016,fresh,barak,37.819168,36.86384,32637,393470.0 4079140.0 396030.0 4081700.0,37SCA,S2A_T37SCA_20230904T081016_L2A,S2B_T37SCA_20230909T080819_L2A
f2_00017,fresh,cizre_silopi,42.267061,37.334246,32638,256600.0 4134180.0 259160.0 4136740.0,38SKG,S2A_T38SKG_20250525T080724_L2A,S2C_T38SKG_20250602T080536_L2A
f2_00018,fresh,bismil,40.734153,37.92388,32637,651140.0 4197510.0 653700.0 4200070.0,37SFC,S2B_T37SFC_20190612T080819_L2A,S2B_T37SFC_20190622T081729_L2A
f2_00019,fresh,barak,37.813915,37.004909,32637,393190.0 4094790.0 395750.0 4097350.0,37SCB,S2A_T37SCB_20250610T082620_L2A,S2A_T37SCB_20250617T081600_L2A
f2_00020,fresh,bismil,40.653488,37.825442,32637,644240.0 4186460.0 646800.0 4189020.0,37SFB,S2A_T37SFB_20200601T081004_L2A,S2B_T37SFB_20200606T080814_L2A
f2_00021,fresh,bismil,40.915024,37.975632,32637,666920.0 4203560.0 669480.0 4206120.0,37SFC,S2A_T37SFC_20200718T080349_L2A,S2B_T37SFC_20200726T080832_L2A
f2_00022,fresh,barak,37.772907,37.021535,32637,389570.0 4096690.0 392130.0 4099250.0,37SCB,S2B_T37SCB_20240725T081238_L2A,S2B_T37SCB_20240804T080922_L2A
f2_00023,fresh,bismil,40.64693,37.908095,32637,643500.0 4195620.0 646060.0 4198180.0,37SFB,S2A_T37SFB_20230901T080717_L2A,S2B_T37SFB_20230906T080553_L2A
f2_00024,fresh,cizre_silopi,42.087049,37.310704,32638,240570.0 4132040.0 243130.0 4134600.0,38SKG,S2A_T38SKG_20250823T080545_L2A,S2C_T38SKG_20250831T080415_L2A
f2_00025,fresh,bismil,41.061841,37.885722,32637,680030.0 4193860.0 682590.0 4196420.0,37SFC,S2A_T37SFC_20230504T080223_L2A,S2A_T37SFC_20230514T080223_L2A
f2_00026,fresh,bismil,40.6983,37.974807,32637,647880.0 4203100.0 650440.0 4205660.0,37SFC,S2B_T37SFC_20250528T080847_L2A,S2A_T37SFC_20250607T081637_L2A
f2_00027,fresh,bismil,41.019443,37.928049,32637,676200.0 4198480.0 678760.0 4201040.0,37SFC,S2A_T37SFC_20240730T081107_L2A,S2A_T37SFC_20240806T080126_L2A
f2_00028,fresh,barak,37.777416,36.900733,32637,389800.0 4083280.0 392360.0 4085840.0,37SCA,S2A_T37SCA_20200601T081004_L2A,S2B_T37SCA_20200609T082354_L2A
f2_00029,fresh,cizre_silopi,42.425618,37.195179,32637,802790.0 4120740.0 805350.0 4123300.0,37SGB,S2A_T37SGB_20230703T080228_L2A,S2B_T37SGB_20230708T080228_L2A
f2_00030,fresh,barak,37.805824,37.044427,32637,392530.0 4099190.0 395090.0 4101750.0,37SCB,S2A_T37SCB_20190627T081353_L2A,S2A_T37SCB_20190707T080857_L2A
f2_00031,fresh,cizre_silopi,42.01136,37.163591,32637,766120.0 4115990.0 768680.0 4118550.0,37SGB,S2B_T37SGB_20190719T080030_L2A,S2B_T37SGB_20190729T075950_L2A
f2_00032,fresh,bismil,40.632925,37.846185,32637,642390.0 4188730.0 644950.0 4191290.0,37SFB,S2A_T37SFB_20250525T080724_L2A,S2C_T37SFB_20250605T080756_L2A
f2_00033,fresh,bismil,40.699784,37.860287,32637,648240.0 4190400.0 650800.0 4192960.0,37SFB,S2B_T37SFB_20240615T081238_L2A,S2B_T37SFB_20240622T080225_L2A
f2_00034,fresh,barak,37.832225,37.043979,32637,394870.0 4099110.0 397430.0 4101670.0,37SCB,S2A_T37SCB_20200823T082256_L2A,S2B_T37SCB_20200828T082254_L2A
f2_00035,fresh,barak,37.868674,36.937701,32637,397980.0 4087280.0 400540.0 4089840.0,37SCA,S2A_T37SCA_20190627T081353_L2A,S2B_T37SCA_20190702T081053_L2A
f2_00036,fresh,cizre_silopi,42.269529,37.322704,32637,788440.0 4134410.0 791000.0 4136970.0,37SGB,S2B_T37SGB_20240622T080225_L2A,S2A_T37SGB_20240627T080223_L2A
f2_00037,fresh,bismil,41.011546,37.886843,32637,675610.0 4193890.0 678170.0 4196450.0,37SFB,S2A_T37SFB_20200711T081106_L2A,S2B_T37SFB_20200716T081121_L2A
f2_00038,fresh,barak,37.840098,36.865595,32637,395330.0 4079310.0 397890.0 4081870.0,37SCA,S2A_T37SCA_20200604T081609_L2A,S2A_T37SCA_20200611T081109_L2A
f2_00039,fresh,barak,37.799289,36.850793,32637,391670.0 4077710.0 394230.0 4080270.0,37SCA,S2B_T37SCA_20200917T082932_L2A,S2B_T37SCA_20200927T081901_L2A
f2_00040,fresh,bismil,40.844864,37.94298,32637,660830.0 4199810.0 663390.0 4202370.0,37SFC,S2A_T37SFC_20190803T080807_L2A,S2B_T37SFC_20190808T080622_L2A
f2_00041,fresh,barak,37.977773,36.965509,32637,407720.0 4090250.0 410280.0 4092810.0,37SDA,S2A_T37SDA_20230828T082944_L2A,S2A_T37SDA_20230904T081016_L2A
f2_00042,fresh,cizre_silopi,42.317111,37.328952,32637,792630.0 4135250.0 795190.0 4137810.0,37SGB,S2A_T37SGB_20230623T080226_L2A,S2B_T37SGB_20230628T080228_L2A
f2_00043,fresh,barak,37.854398,36.992648,32637,396780.0 4093390.0 399340.0 4095950.0,37SCA,S2A_T37SCA_20190918T082614_L2A,S2A_T37SCA_20190925T080817_L2A
f2_00044,fresh,cizre_silopi,42.260588,37.272172,32637,787840.0 4128770.0 790400.0 4131330.0,37SGB,S2B_T37SGB_20190818T080844_L2A,S2B_T37SGB_20190828T080148_L2A
f2_00045,fresh,barak,37.817997,36.935108,32637,393460.0 4087050.0 396020.0 4089610.0,37SCA,S2B_T37SCA_20250730T080847_L2A,S2C_T37SCA_20250807T082249_L2A
f2_00046,fresh,cizre_silopi,42.198967,37.180623,32638,250060.0 4117300.0 252620.0 4119860.0,38SKG,S2A_T38SKG_20190704T080540_L2A,S2B_T38SKG_20190709T080413_L2A
f2_00047,fresh,bismil,40.661409,37.950012,32637,644690.0 4200290.0 647250.0 4202850.0,37SFC,S2A_T37SFC_20190528T081105_L2A,S2B_T37SFC_20190602T081055_L2A
f2_00048,fresh,cizre_silopi,42.068516,37.309942,32637,770670.0 4132390.0 773230.0 4134950.0,37SGB,S2A_T37SGB_20250922T080723_L2A,S2A_T37SGB_20251002T080446_L2A
f2_00049,fresh,barak,37.920663,37.03964,32637,402730.0 4098530.0 405290.0 4101090.0,37SDB,S2B_T37SDB_20200815T081240_L2A,S2A_T37SDB_20200820T081651_L2A
f3_00000,fresh,bismil,41.06754,37.97448,32637,680320.0 4203720.0 682880.0 4206280.0,37SFC,S2B_T37SFC_20250816T080225_L2A,S2B_T37SFC_20250826T080847_L2A
f3_00001,fresh,bismil,41.052923,37.975826,32637,679030.0 4203840.0 681590.0 4206400.0,37SFC,S2A_T37SFC_20190704T080540_L2A,S2B_T37SFC_20190712T080818_L2A
f3_00002,fresh,cizre_silopi,42.007629,37.305058,32638,233510.0 4131630.0 236070.0 4134190.0,38SKG,S2A_T38SKG_20230504T080223_L2A,S2A_T38SKG_20230514T080223_L2A
f3_00003,fresh,barak,37.81115,36.859822,32637,392740.0 4078700.0 395300.0 4081260.0,37SCA,S2B_T37SCA_20230505T081800_L2A,S2A_T37SCA_20230510T082247_L2A
f3_00004,fresh,bismil,40.697089,37.860894,32637,648010.0 4190460.0 650570.0 4193020.0,37SFC,S2B_T37SFC_20240722T080226_L2A,S2A_T37SFC_20240730T081107_L2A
f3_00005,fresh,barak,37.942243,36.917712,32637,404500.0 4084990.0 407060.0 4087550.0,37SDA,S2A_T37SDA_20200803T082535_L2A,S2B_T37SDA_20200808T082811_L2A
f3_00006,fresh,cizre_silopi,42.159336,37.206539,32638,246630.0 4120290.0 249190.0 4122850.0,38SKG,S2B_T38SKG_20240930T080633_L2A,S2A_T38SKG_20241005T080223_L2A
f3_00007,fresh,bismil,41.073635,37.886388,32637,681070.0 4193960.0 683630.0 4196520.0,37SFB,S2A_T37SFB_20200529T075615_L2A,S2A_T37SFB_20200608T080252_L2A
f3_00008,fresh,barak,37.793367,36.934338,32637,391260.0 4086990.0 393820.0 4089550.0,37SCA,S2B_T37SCA_20190702T081053_L2A,S2A_T37SCA_20190707T080857_L2A
f3_00009,fresh,bismil,40.700891,37.927395,32637,648210.0 4197840.0 650770.0 4200400.0,37SFC,S2A_T37SFC_20230507T081235_L2A,S2A_T37SFC_20230517T081222_L2A
f3_00010,fresh,cizre_silopi,42.325934,37.312354,32638,261750.0 4131600.0 264310.0 4134160.0,38SKG,S2A_T38SKG_20190624T080348_L2A,S2A_T38SKG_20190704T080540_L2A
f3_00011,fresh,bismil,40.891165,37.834033,32637,665140.0 4187810.0 667700.0 4190370.0,37SFB,S2A_T37SFB_20190704T080540_L2A,S2B_T37SFB_20190712T080818_L2A
f3_00012,fresh,cizre_silopi,42.152009,37.339329,32637,777960.0 4135900.0 780520.0 4138460.0,37SGB,S2A_T37SGB_20190704T080540_L2A,S2B_T37SGB_20190709T080413_L2A
f3_00013,fresh,bismil,40.783953,37.860265,32637,655650.0 4190530.0 658210.0 4193090.0,37SFB,S2A_T37SFB_20240925T080226_L2A,S2B_T37SFB_20241003T081746_L2A
f3_00014,fresh,cizre_silopi,42.062919,37.272903,32638,238300.0 4127910.0 240860.0 4130470.0,38SKG,S2A_T38SKG_20230901T080717_L2A,S2B_T38SKG_20230906T080553_L2A
f3_00015,fresh,bismil,40.725414,37.889254,32637,650440.0 4193650.0 653000.0 4196210.0,37SFC,S2C_T37SFC_20250622T080242_L2A,S2B_T37SFC_20250630T081824_L2A
f3_00016,fresh,cizre_silopi,42.156663,37.306109,32638,246720.0 4131340.0 249280.0 4133900.0,38SKG,S2B_T38SKG_20240712T080225_L2A,S2A_T38SKG_20240717T080221_L2A
f3_00017,fresh,bismil,40.749093,37.977559,32637,652340.0 4203490.0 654900.0 4206050.0,37SFC,S2A_T37SFC_20200512T081107_L2A,S2A_T37SFC_20200519T080012_L2A
f3_00018,fresh,cizre_silopi,42.356498,37.231854,32638,264210.0 4122590.0 266770.0 4125150.0,38SKG,S2A_T38SKG_20230703T080228_L2A,S2A_T38SKG_20230713T080608_L2A
f3_00019,fresh,barak,37.947126,37.000993,32637,405040.0 4094220.0 407600.0 4096780.0,37SDB,S2A_T37SDB_20200820T081651_L2A,S2B_T37SDB_20200828T082254_L2A
f3_00020,fresh,bismil,40.939154,37.960337,32637,669070.0 4201910.0 671630.0 4204470.0,37SFC,S2B_T37SFC_20190622T081729_L2A,S2B_T37SFC_20190629T080033_L2A
f3_00021,fresh,cizre_silopi,42.077024,37.336951,32637,771320.0 4135410.0 773880.0 4137970.0,37SGB,S2B_T37SGB_20240831T080906_L2A,S2A_T37SGB_20240905T080520_L2A
f3_00022,fresh,cizre_silopi,42.123698,37.269338,32637,775710.0 4128050.0 778270.0 4130610.0,37SGB,S2A_T37SGB_20230921T075935_L2A,S2B_T37SGB_20230926T080023_L2A
f3_00023,fresh,cizre_silopi,42.390775,37.167223,32638,267050.0 4115330.0 269610.0 4117890.0,38SKG,S2B_T38SKG_20200921T080225_L2A,S2A_T38SKG_20200926T080229_L2A
f3_00024,fresh,barak,37.77805,36.882474,32637,389830.0 4081250.0 392390.0 4083810.0,37SCA,S2B_T37SCA_20250620T081815_L2A,S2C_T37SCA_20250628T082957_L2A
f3_00025,fresh,cizre_silopi,42.254678,37.347397,32637,787030.0 4137100.0 789590.0 4139660.0,37SGB,S2B_T37SGB_20200613T080027_L2A,S2B_T37SGB_20200623T080005_L2A
f3_00026,fresh,cizre_silopi,42.29849,37.202806,32637,791470.0 4121190.0 794030.0 4123750.0,37SGB,S2A_T37SGB_20250902T080722_L2A,S2C_T37SGB_20250910T080306_L2A
f3_00027,fresh,barak,37.874848,36.89764,32637,398470.0 4082830.0 401030.0 4085390.0,37SCA,S2A_T37SCA_20250819T082335_L2A,S2C_T37SCA_20250827T082955_L2A
f3_00028,fresh,bismil,40.975405,37.992169,32637,672180.0 4205510.0 674740.0 4208070.0,37SFC,S2A_T37SFC_20190508T081533_L2A,S2B_T37SFC_20190513T080937_L2A
f3_00029,fresh,bismil,41.08491,37.919891,32637,681980.0 4197700.0 684540.0 4200260.0,37SFC,S2B_T37SFC_20240602T080224_L2A,S2A_T37SFC_20240607T080029_L2A
f3_00030,fresh,bismil,40.644899,37.923443,32637,643290.0 4197320.0 645850.0 4199880.0,37SFB,S2B_T37SFB_20250819T081805_L2A,S2C_T37SFB_20250824T080915_L2A
f3_00031,fresh,barak,37.905417,36.900918,32637,401200.0 4083160.0 403760.0 4085720.0,37SDA,S2B_T37SDA_20190920T081423_L2A,S2B_T37SDA_20190930T081001_L2A
f3_00032,fresh,cizre_silopi,42.445363,37.286673,32638,272250.0 4128450.0 274810.0 4131010.0,38SKG,S2A_T38SKG_20240727T080529_L2A,S2B_T38SKG_20240801T080223_L2A
f3_00033,fresh,barak,37.960531,36.888251,32637,406100.0 4081700.0 408660.0 4084260.0,37SCA,S2B_T37SCA_20240903T081234_L2A,S2A_T37SCA_20240911T082047_L2A
f3_00034,fresh,cizre_silopi,42.430146,37.182418,32638,270590.0 4116920.0 273150.0 4119480.0,38SKG,S2A_T38SKG_20240915T075824_L2A,S2A_T38SKG_20240925T080226_L2A
f3_00035,fresh,cizre_silopi,42.036745,37.30394,32637,767870.0 4131640.0 770430.0 4134200.0,37SGB,S2B_T37SGB_20240801T080223_L2A,S2A_T37SGB_20240806T080126_L2A
f3_00036,fresh,bismil,40.690304,37.870424,32637,647390.0 4191500.0 649950.0 4194060.0,37SFB,S2B_T37SFB_20230906T080553_L2A,S2B_T37SFB_20230916T080107_L2A
f3_00037,fresh,cizre_silopi,42.244166,37.294733,32638,254440.0 4129850.0 257000.0 4132410.0,38SKG,S2A_T38SKG_20250922T080723_L2A,S2C_T38SKG_20250930T080753_L2A
f3_00038,fresh,cizre_silopi,42.028798,37.311339,32637,767140.0 4132430.0 769700.0 4134990.0,37SGB,S2A_T37SGB_20250813T080720_L2A,S2C_T37SGB_20250821T080818_L2A
f3_00039,fresh,bismil,40.782709,37.816664,32637,655630.0 4185690.0 658190.0 4188250.0,37SFB,S2B_T37SFB_20190801T081001_L2A,S2A_T37SFB_20190806T080939_L2A
f3_00040,fresh,barak,37.921555,36.873241,32637,402600.0 4080070.0 405160.0 4082630.0,37SCA,S2A_T37SCA_20240713T082612_L2A,S2A_T37SCA_20240720T081232_L2A
f3_00041,fresh,cizre_silopi,42.374103,37.333038,32638,266080.0 4133770.0 268640.0 4136330.0,38SKG,S2A_T38SKG_20230723T080227_L2A,S2A_T38SKG_20230802T080228_L2A
f3_00042,fresh,cizre_silopi,42.427841,37.305688,32637,802540.0 4133020.0 805100.0 4135580.0,37SGB,S2A_T37SGB_20240518T080457_L2A,S2A_T37SGB_20240528T075833_L2A
f3_00043,fresh,bismil,41.007435,37.835103,32637,675370.0 4188140.0 677930.0 4190700.0,37SFB,S2A_T37SFB_20190816T081333_L2A,S2A_T37SFB_20190826T081708_L2A
f3_00044,fresh,bismil,40.908807,37.902134,32637,666540.0 4195390.0 669100.0 4197950.0,37SFB,S2A_T37SFB_20250925T081603_L2A,S2B_T37SFB_20251005T080907_L2A
f3_00045,fresh,cizre_silopi,42.010704,37.203409,32637,765920.0 4120400.0 768480.0 4122960.0,37SGB,S2A_T37SGB_20200529T075615_L2A,S2A_T37SGB_20200608T080252_L2A
f3_00046,fresh,cizre_silopi,42.245919,37.179891,32638,254230.0 4117100.0 256790.0 4119660.0,38SKG,S2A_T38SKG_20200628T075614_L2A,S2B_T38SKG_20200703T075951_L2A
f3_00047,fresh,bismil,40.729605,37.90899,32637,650770.0 4195850.0 653330.0 4198410.0,37SFC,S2B_T37SFC_20190503T081052_L2A,S2B_T37SFC_20190510T080413_L2A
f3_00048,fresh,cizre_silopi,42.09419,37.273955,32637,773070.0 4128470.0 775630.0 4131030.0,37SGB,S2A_T37SGB_20190714T080149_L2A,S2B_T37SGB_20190719T080030_L2A
f3_00049,fresh,cizre_silopi,42.394778,37.190709,32637,800070.0 4120150.0 802630.0 4122710.0,37SGB,S2A_T37SGB_20250912T080543_L2A,S2C_T37SGB_20250920T080124_L2A
